#x=tau [fm/c]	y=eta	z=az Spin Potential
1	-10.1	-0.002800035850418034
1	-9.9	-0.0030945718383169475
1	-9.7	-0.003420137731294643
1	-9.5	-0.003779956158023658
1	-9.299999999999999	-0.004177663279872394
1	-9.1	-0.004617243341633885
1	-8.899999999999999	-0.0051031469492724725
1	-8.7	-0.005640245164685047
1	-8.5	-0.006233973691585055
1	-8.299999999999999	-0.006890338095782591
1	-8.1	-0.0076159693393896555
1	-7.8999999999999995	-0.008418285380944005
1	-7.699999999999999	-0.009305420344012506
1	-7.5	-0.01028649168274315
1	-7.299999999999999	-0.011371586947000942
1	-7.1	-0.012571903686017693
1	-6.8999999999999995	-0.013900035520429095
1	-6.699999999999999	-0.015369847820698803
1	-6.5	-0.016997047001680518
1	-6.299999999999999	-0.018799095327754346
1	-6.1	-0.020795602009014695
1	-5.8999999999999995	-0.02300891059373091
1	-5.699999999999999	-0.02546384591541618
1	-5.499999999999999	-0.02818916943673975
1	-5.299999999999999	-0.03121718223573894
1	-5.1	-0.03458502752384469
1	-4.8999999999999995	-0.03833592305039219
1	-4.699999999999999	-0.04251880197832659
1	-4.499999999999999	-0.04719207861706601
1	-4.299999999999999	-0.052422234386637095
1	-4.1	-0.05828806882541609
1	-3.8999999999999995	-0.06488144478065622
1	-3.6999999999999993	-0.07230971524621985
1	-3.499999999999999	-0.08069618727608473
1	-3.299999999999999	-0.09018313907169667
1	-3.0999999999999996	-0.10093105897776795
1	-2.8999999999999995	-0.11310029868905043
1	-2.6999999999999993	-0.12688123410269583
1	-2.499999999999999	-0.14236946377476425
1	-2.299999999999999	-0.15967611990961778
1	-2.0999999999999996	-0.17869498568844716
1	-1.8999999999999986	-0.1990424355167392
1	-1.6999999999999993	-0.21993900393664398
1	-1.5	-0.2397658086145587
1	-1.299999999999999	-0.2559666317515547
1	-1.0999999999999996	-0.26462707291116094
1	-0.8999999999999986	-0.2608625329221848
1	-0.6999999999999993	-0.23877626761366996
1	-0.4999999999999982	-0.19469562186782016
1	-0.29999999999999893	-0.1282304227016049
1	-0.09999999999999964	-0.04449680780955489
1	0.10000000000000142	0.045241434424965456
1	0.3000000000000007	0.1285590062337438
1	0.5000000000000018	0.19450668621026343
1	0.7000000000000011	0.23860912234267012
1	0.9000000000000004	0.26032264043285447
1	1.1000000000000014	0.26440197343880717
1	1.3000000000000007	0.2558341872440692
1	1.5000000000000018	0.2397709806564788
1	1.700000000000001	0.2199529964383375
1	1.9000000000000004	0.19911672486562296
1	2.1000000000000014	0.17873841158299958
1	2.3000000000000007	0.15970904285900966
1	2.5000000000000018	0.14240084405335487
1	2.700000000000001	0.12688218841913193
1	2.9000000000000004	0.11311320885811937
1	3.1000000000000014	0.10093408270685646
1	3.3000000000000007	0.09018604688797503
1	3.5000000000000018	0.08069719621345632
1	3.700000000000001	0.07230975236011039
1	3.9000000000000004	0.06488119599202932
1	4.100000000000001	0.05828773799517105
1	4.300000000000001	0.05242183168167634
1	4.500000000000002	0.04719154928476422
1	4.700000000000001	0.042518722788410464
1	4.9	0.03833546862593886
1	5.100000000000001	0.03458486389981065
1	5.300000000000001	0.03121692737156604
1	5.500000000000002	0.028188951633806324
1	5.700000000000001	0.025463787496806403
1	5.9	0.02300873447156144
1	6.1	0.020795552177586347
1	6.3000000000000025	0.018798993276114236
1	6.500000000000002	0.016996969189228606
1	6.700000000000001	0.015369817011179078
1	6.9	0.013899966231326047
1	7.1	0.012571887851266693
1	7.3000000000000025	0.011371541976208403
1	7.500000000000002	0.01028645959423756
1	7.700000000000001	0.00930540310460526
1	7.9	0.008418253184720687
1	8.1	0.007615964031382068
1	8.300000000000002	0.006890314799634127
1	8.500000000000002	0.006233958392463391
1	8.700000000000001	0.005640234478890041
1	8.9	0.005103129913372556
1	9.100000000000003	0.004617241848909588
1	9.300000000000002	0.004177649891473282
1	9.500000000000002	0.0037799561580237023
1	9.700000000000001	0.003420137731295045
1	9.9	0.003094571838318174
1	10.100000000000003	0.002800035850420618
1.0001	-10.1	-0.002799896143673592
1.0001	-9.9	-0.0030944174485068635
1.0001	-9.7	-0.0034199671672924376
1.0001	-9.5	-0.003779767750982386
1.0001	-9.299999999999999	-0.004177455174738413
1.0001	-9.1	-0.004617013499451336
1.0001	-8.899999999999999	-0.005102893132978551
1.0001	-8.7	-0.005639964917558446
1.0001	-8.5	-0.006233664319405714
1.0001	-8.299999999999999	-0.0068899966493999295
1.0001	-8.1	-0.0076155925957064165
1.0001	-7.8999999999999995	-0.008417869829455351
1.0001	-7.699999999999999	-0.009304962168365995
1.0001	-7.5	-0.010285986754416025
1.0001	-7.299999999999999	-0.011371030819931054
1.0001	-7.1	-0.012571291595649636
1.0001	-6.8999999999999995	-0.013899362417229316
1.0001	-6.699999999999999	-0.015369108380496757
1.0001	-6.5	-0.01699623571392493
1.0001	-6.299999999999999	-0.018798206572413614
1.0001	-6.1	-0.020794630187538028
1.0001	-5.8999999999999995	-0.02300785038483239
1.0001	-5.699999999999999	-0.02546269246225665
1.0001	-5.499999999999999	-0.02818791885725405
1.0001	-5.299999999999999	-0.03121583203990664
1.0001	-5.1	-0.034583577332030636
1.0001	-4.8999999999999995	-0.03833437560637211
1.0001	-4.699999999999999	-0.042517164082596266
1.0001	-4.499999999999999	-0.04719036294662516
1.0001	-4.299999999999999	-0.052420460994970344
1.0001	-4.1	-0.058286267600450914
1.0001	-3.8999999999999995	-0.06487965817674339
1.0001	-3.6999999999999993	-0.07230800127639134
1.0001	-3.499999999999999	-0.08069462347300929
1.0001	-3.299999999999999	-0.09018182623969664
1.0001	-3.0999999999999996	-0.10093012601803848
1.0001	-2.8999999999999995	-0.11309990633132705
1.0001	-2.6999999999999993	-0.12688158130919866
1.0001	-2.499999999999999	-0.14237078604750572
1.0001	-2.299999999999999	-0.1596786962690771
1.0001	-2.0999999999999996	-0.17869913005979332
1.0001	-1.8999999999999986	-0.1990484772298375
1.0001	-1.6999999999999993	-0.21994727133023068
1.0001	-1.5	-0.23977653339711144
1.0001	-1.299999999999999	-0.25597987720334314
1.0001	-1.0999999999999996	-0.2646425323511124
1.0001	-0.8999999999999986	-0.2608793918175191
1.0001	-0.6999999999999993	-0.23879296947595685
1.0001	-0.4999999999999982	-0.19471008095829326
1.0001	-0.29999999999999893	-0.1282403258772939
1.0001	-0.09999999999999964	-0.04450029525810851
1.0001	0.10000000000000142	0.045245013076159656
1.0001	0.3000000000000007	0.1285689496546848
1.0001	0.5000000000000018	0.19452111138306322
1.0001	0.7000000000000011	0.23862580250119939
1.0001	0.9000000000000004	0.26033942922332926
1.0001	1.1000000000000014	0.26441741199618346
1.0001	1.3000000000000007	0.25584742040892355
1.0001	1.5000000000000018	0.23978171459043743
1.0001	1.700000000000001	0.2199612659382022
1.0001	1.9000000000000004	0.19912277776142664
1.0001	2.1000000000000014	0.17874256057559307
1.0001	2.3000000000000007	0.15971162272202594
1.0001	2.5000000000000018	0.14240216883018558
1.0001	2.700000000000001	0.12688253568084074
1.0001	2.9000000000000004	0.11311281724723268
1.0001	3.1000000000000014	0.10093314983816717
1.0001	3.3000000000000007	0.09018473414352524
1.0001	3.5000000000000018	0.0806956323421818
1.0001	3.700000000000001	0.07230803838777321
1.0001	3.9000000000000004	0.06487940925515165
1.0001	4.100000000000001	0.05828593668765816
1.0001	4.300000000000001	0.052420058189527954
1.0001	4.500000000000002	0.04718983349133019
1.0001	4.700000000000001	0.04251708487427997
1.0001	4.9	0.0383339210747469
1.0001	5.100000000000001	0.03458341366895466
1.0001	5.300000000000001	0.03121557711492127
1.0001	5.500000000000002	0.028187701003324295
1.0001	5.700000000000001	0.02546263402996878
1.0001	5.9	0.023007674223822928
1.0001	6.1	0.020794580346223626
1.0001	6.3000000000000025	0.018798104500527383
1.0001	6.500000000000002	0.016996157888252088
1.0001	6.700000000000001	0.015369077565742262
1.0001	6.9	0.0138992931185621
1.0001	7.1	0.012571275759224163
1.0001	7.3000000000000025	0.011370985844383038
1.0001	7.500000000000002	0.010285954663488967
1.0001	7.700000000000001	0.009304944927657901
1.0001	7.9	0.00841783763166315
1.0001	8.1	0.007615587287559542
1.0001	8.300000000000002	0.006889973352639225
1.0001	8.500000000000002	0.006233649020160333
1.0001	8.700000000000001	0.005639954231677325
1.0001	8.9	0.005102876096897196
1.0001	9.100000000000003	0.004617012006974661
1.0001	9.300000000000002	0.004177441788546172
1.0001	9.500000000000002	0.0037797677509805666
1.0001	9.700000000000001	0.003419967167291042
1.0001	9.9	0.0030944174485074256
1.0001	10.100000000000003	0.0027998961436761687
1.0002	-10.1	-0.002799756457908113
1.0002	-9.9	-0.003094263081843114
1.0002	-9.7	-0.0034197966288481243
1.0002	-9.5	-0.0037795793721716515
1.0002	-9.299999999999999	-0.004177247100789284
1.0002	-9.1	-0.004616783691712343
1.0002	-8.899999999999999	-0.005102639354717896
1.0002	-8.7	-0.0056396847124206605
1.0002	-8.5	-0.006233354993572365
1.0002	-8.299999999999999	-0.006889655254159532
1.0002	-8.1	-0.00761521590844057
1.0002	-7.8999999999999995	-0.008417454340179417
1.0002	-7.699999999999999	-0.009304504061291956
1.0002	-7.5	-0.010285481901630032
1.0002	-7.299999999999999	-0.011370474776024573
1.0002	-7.1	-0.012570679596764724
1.0002	-6.8999999999999995	-0.01389868941456783
1.0002	-6.699999999999999	-0.015368369050658862
1.0002	-6.5	-0.016995424547151455
1.0002	-6.299999999999999	-0.018797317949474354
1.0002	-6.1	-0.02079365851067227
1.0002	-5.8999999999999995	-0.023006790333499512
1.0002	-5.699999999999999	-0.025461539180288636
1.0002	-5.499999999999999	-0.028186668463123753
1.0002	-5.299999999999999	-0.031214482043947136
1.0002	-5.1	-0.034582127354696485
1.0002	-4.8999999999999995	-0.038332828391183224
1.0002	-4.699999999999999	-0.04251552642934919
1.0002	-4.499999999999999	-0.04718864753108707
1.0002	-4.299999999999999	-0.05241868786875587
1.0002	-4.1	-0.05828446664890575
1.0002	-3.8999999999999995	-0.06487787185087156
1.0002	-3.6999999999999993	-0.07230628758508166
1.0002	-3.499999999999999	-0.08069305994400436
1.0002	-3.299999999999999	-0.0901805136716425
1.0002	-3.0999999999999996	-0.10092919330572812
1.0002	-2.8999999999999995	-0.11309951419739579
1.0002	-2.6999999999999993	-0.12688192870795995
1.0002	-2.499999999999999	-0.14237210847238213
1.0002	-2.299999999999999	-0.15968127273096613
1.0002	-2.0999999999999996	-0.1787032744736972
1.0002	-1.8999999999999986	-0.19905451891550116
1.0002	-1.6999999999999993	-0.21995553861789965
1.0002	-1.5	-0.2397872579909758
1.0002	-1.299999999999999	-0.25599312238835503
1.0002	-1.0999999999999996	-0.26465799146235325
1.0002	-0.8999999999999986	-0.2608962503525283
1.0002	-0.6999999999999993	-0.23880967098753125
1.0002	-0.4999999999999982	-0.19472453975418
1.0002	-0.29999999999999893	-0.128250228856311
1.0002	-0.09999999999999964	-0.044503782637982936
1.0002	0.10000000000000142	0.045248591657683634
1.0002	0.3000000000000007	0.12857889287851662
1.0002	0.5000000000000018	0.1945355362609429
1.0002	0.7000000000000011	0.23864248230922605
1.0002	0.9000000000000004	0.260356217654157
1.0002	1.1000000000000014	0.2644328502256803
1.0002	1.3000000000000007	0.2558606533074904
1.0002	1.5000000000000018	0.2397924483360404
1.0002	1.700000000000001	0.21996953533210353
1.0002	1.9000000000000004	0.19912883062955294
1.0002	2.1000000000000014	0.17874670961055103
1.0002	2.3000000000000007	0.15971420268732534
1.0002	2.5000000000000018	0.14240349375904224
1.0002	2.700000000000001	0.12688288313480692
1.0002	2.9000000000000004	0.11311242586012406
1.0002	3.1000000000000014	0.10093221721690306
1.0002	3.3000000000000007	0.09018342166302713
1.0002	3.5000000000000018	0.08069406874497997
1.0002	3.700000000000001	0.0723063246939549
1.0002	3.9000000000000004	0.06487762279630789
1.0002	4.100000000000001	0.05828413565356018
1.0002	4.300000000000001	0.05241828496282565
1.0002	4.500000000000002	0.047188117952794116
1.0002	4.700000000000001	0.04251544720263199
1.0002	4.9	0.03833237375238573
1.0002	5.100000000000001	0.03458196365257984
1.0002	5.300000000000001	0.03121422705815129
1.0002	5.500000000000002	0.028186450558201008
1.0002	5.700000000000001	0.02546148073432356
1.0002	5.9	0.023006614133653645
1.0002	6.1	0.020793608659472947
1.0002	6.3000000000000025	0.018797215857344306
1.0002	6.500000000000002	0.016995346708259428
1.0002	6.700000000000001	0.015368338230670313
1.0002	6.9	0.013898620106337791
1.0002	7.1	0.012570663758664988
1.0002	7.3000000000000025	0.011370429795721776
1.0002	7.500000000000002	0.010285449808281805
1.0002	7.700000000000001	0.009304486819282972
1.0002	7.9	0.008417422140818167
1.0002	8.1	0.0076152106001543644
1.0002	8.300000000000002	0.006889631956787782
1.0002	8.500000000000002	0.006233339694204671
1.0002	8.700000000000001	0.005639674026454563
1.0002	8.9	0.005102622318457233
1.0002	9.100000000000003	0.004616782199485563
1.0002	9.300000000000002	0.004177233716806775
1.0002	9.500000000000002	0.0037795793721737015
1.0002	9.700000000000001	0.0034197966288536347
1.0002	9.9	0.0030942630818516638
1.0002	10.100000000000003	0.0027997564579106717
1.0004	-10.1	-0.0027994771373064313
1.0004	-9.9	-0.0030939544047325494
1.0004	-9.7	-0.0034194556140449022
1.0004	-9.5	-0.0037792026831282854
1.0004	-9.299999999999999	-0.004176831028638412
1.0004	-9.1	-0.004616324159889358
1.0004	-8.899999999999999	-0.005102131890567476
1.0004	-8.7	-0.005639124404120911
1.0004	-8.5	-0.006232736454461442
1.0004	-8.299999999999999	-0.0068889725878812395
1.0004	-8.1	-0.007614462670921463
1.0004	-7.8999999999999995	-0.008416623512713845
1.0004	-7.699999999999999	-0.009303588013674906
1.0004	-7.5	-0.010284472379512721
1.0004	-7.299999999999999	-0.011369362890177022
1.0004	-7.1	-0.012569455821164593
1.0004	-6.8999999999999995	-0.013897343653404661
1.0004	-6.699999999999999	-0.015366890659004739
1.0004	-6.5	-0.016993802507411778
1.0004	-6.299999999999999	-0.018795541025134914
1.0004	-6.1	-0.0207917155081303
1.0004	-5.8999999999999995	-0.02300467061348363
1.0004	-5.699999999999999	-0.025459233032092653
1.0004	-5.499999999999999	-0.028184168125000075
1.0004	-5.299999999999999	-0.031211782537420362
1.0004	-5.1	-0.03457922792089368
1.0004	-4.8999999999999995	-0.03832973451652318
1.0004	-4.699999999999999	-0.042512251711726914
1.0004	-4.499999999999999	-0.047185217319044064
1.0004	-4.299999999999999	-0.05241514226098004
1.0004	-4.1	-0.05828086540981871
1.0004	-3.8999999999999995	-0.06487429987435409
1.0004	-3.6999999999999993	-0.07230286087884992
1.0004	-3.499999999999999	-0.08068993355158051
1.0004	-3.299999999999999	-0.09017788917653416
1.0004	-3.0999999999999996	-0.1009273284819741
1.0004	-2.8999999999999995	-0.11309873047302427
1.0004	-2.6999999999999993	-0.12688262397239708
1.0004	-2.499999999999999	-0.14237475369161315
1.0004	-2.299999999999999	-0.1596864259035169
1.0004	-2.0999999999999996	-0.17871156340488212
1.0004	-1.8999999999999986	-0.1990666022202306
1.0004	-1.6999999999999993	-0.2199720729360418
1.0004	-1.5	-0.23980870672049306
1.0004	-1.299999999999999	-0.25601961211051677
1.0004	-1.0999999999999996	-0.2646889088865471
1.0004	-0.8999999999999986	-0.2609299665474625
1.0004	-0.6999999999999993	-0.23884307315892458
1.0004	-0.4999999999999982	-0.19475345663049592
1.0004	-0.29999999999999893	-0.12827003433668516
1.0004	-0.09999999999999964	-0.044510757230928746
1.0004	0.10000000000000142	0.04525574865152105
1.0004	0.3000000000000007	0.1285987788474578
1.0004	0.5000000000000018	0.19456438530043482
1.0004	0.7000000000000011	0.238675841074034
1.0004	0.9000000000000004	0.26038979364237574
1.0004	1.1000000000000014	0.26446372588840505
1.0004	1.3000000000000007	0.2558871184579499
1.0004	1.5000000000000018	0.23981391536984287
1.0004	1.700000000000001	0.21998607386259925
1.0004	1.9000000000000004	0.19914093629861823
1.0004	2.1000000000000014	0.17875500778337464
1.0004	2.3000000000000007	0.15971936286634095
1.0004	2.5000000000000018	0.14240614398596915
1.0004	2.700000000000001	0.12688357850965146
1.0004	2.9000000000000004	0.1131116436293638
1.0004	3.1000000000000014	0.10093035257525626
1.0004	3.3000000000000007	0.09018079734304506
1.0004	3.5000000000000018	0.08069094221616778
1.0004	3.700000000000001	0.0723028979827061
1.0004	3.9000000000000004	0.06487405055382946
1.0004	4.100000000000001	0.058280534249355184
1.0004	4.300000000000001	0.05241473915405907
1.0004	4.500000000000002	0.047184687494743346
1.0004	4.700000000000001	0.042512172448206126
1.0004	4.9	0.03832927966338016
1.0004	5.100000000000001	0.03457906414069892
1.0004	5.300000000000001	0.031211527430008424
1.0004	5.500000000000002	0.028183950118099398
1.0004	5.700000000000001	0.025459174558775315
1.0004	5.9	0.023004494335973544
1.0004	6.1	0.020791665637163753
1.0004	6.3000000000000025	0.018795438892522758
1.0004	6.500000000000002	0.016993724642085484
1.0004	6.700000000000001	0.015366859828549613
1.0004	6.9	0.013897274326052258
1.0004	7.1	0.012569439979716962
1.0004	7.3000000000000025	0.011369317900366485
1.0004	7.500000000000002	0.010284440281323144
1.0004	7.700000000000001	0.00930357076906462
1.0004	7.9	0.008416591310215087
1.0004	8.1	0.007614457362356489
1.0004	8.300000000000002	0.006888949289287665
1.0004	8.500000000000002	0.0062327211548486895
1.0004	8.700000000000001	0.005639113717983429
1.0004	8.9	0.0051021148539477975
1.0004	9.100000000000003	0.004616322668161688
1.0004	9.300000000000002	0.004176817649073472
1.0004	9.500000000000002	0.003779202683134678
1.0004	9.700000000000001	0.003419455614060165
1.0004	9.9	0.003093954404753897
1.0004	10.100000000000003	0.0027994771373089367
1.0008	-10.1	-0.0027989187520140427
1.0008	-9.9	-0.003093337332914312
1.0008	-9.7	-0.0034187738962687276
1.0008	-9.5	-0.003778449649465495
1.0008	-9.299999999999999	-0.004175999264789175
1.0008	-9.1	-0.004615405516438489
1.0008	-8.899999999999999	-0.005101117426241517
1.0008	-8.7	-0.005638004299746206
1.0008	-8.5	-0.006231499941619477
1.0008	-8.299999999999999	-0.0068876078792111895
1.0008	-8.1	-0.007612956884116659
1.0008	-7.8999999999999995	-0.008414962616712771
1.0008	-7.699999999999999	-0.009301756754954399
1.0008	-7.5	-0.010282454256803518
1.0008	-7.299999999999999	-0.011367140132992146
1.0008	-7.1	-0.01256700938596764
1.0008	-6.8999999999999995	-0.01389465335754687
1.0008	-6.699999999999999	-0.015363935222032539
1.0008	-6.5	-0.016990559903799114
1.0008	-6.299999999999999	-0.018791988791630777
1.0008	-6.1	-0.0207878312671688
1.0008	-5.8999999999999995	-0.02300043309561542
1.0008	-5.699999999999999	-0.025454622824094362
1.0008	-5.499999999999999	-0.028179169709942168
1.0008	-5.299999999999999	-0.03120638596266731
1.0008	-5.1	-0.03457343166979751
1.0008	-4.8999999999999995	-0.03832354955880471
1.0008	-4.699999999999999	-0.04250570523464969
1.0008	-4.499999999999999	-0.047178360004660316
1.0008	-4.299999999999999	-0.05240805428385664
1.0008	-4.1	-0.0582736662673062
1.0008	-3.8999999999999995	-0.06486715931338886
1.0008	-3.6999999999999993	-0.0722960108643216
1.0008	-3.499999999999999	-0.08068368411043736
1.0008	-3.299999999999999	-0.09017264340654241
1.0008	-3.0999999999999996	-0.10092360185310627
1.0008	-2.8999999999999995	-0.11309716575471468
1.0008	-2.6999999999999993	-0.1268840168470385
1.0008	-2.499999999999999	-0.14238004598637957
1.0008	-2.299999999999999	-0.15969673349856248
1.0008	-2.0999999999999996	-0.17872814178679597
1.0008	-1.8999999999999986	-0.19909076849534868
1.0008	-1.6999999999999993	-0.22000514028048263
1.0008	-1.5	-0.2398516018778275
1.0008	-1.299999999999999	-0.2560725883003482
1.0008	-1.0999999999999996	-0.2647507397246768
1.0008	-0.8999999999999986	-0.260997394541176
1.0008	-0.6999999999999993	-0.23890987322266713
1.0008	-0.4999999999999982	-0.19481128678875428
1.0008	-0.29999999999999893	-0.12830964289769672
1.0008	-0.09999999999999964	-0.04452470557880769
1.0008	0.10000000000000142	0.04527006178908447
1.0008	0.3000000000000007	0.12863854838026453
1.0008	0.5000000000000018	0.19462207978097934
1.0008	0.7000000000000011	0.23874255432716898
1.0008	0.9000000000000004	0.26045694123093793
1.0008	1.1000000000000014	0.2645254732137381
1.0008	1.3000000000000007	0.255940045510344
1.0008	1.5000000000000018	0.2398568471398047
1.0008	1.700000000000001	0.22001914963118932
1.0008	1.9000000000000004	0.19916514729944562
1.0008	2.1000000000000014	0.17877160464620767
1.0008	2.3000000000000007	0.15972968447252825
1.0008	2.5000000000000018	0.14241144629479852
1.0008	2.700000000000001	0.12688497160509501
1.0008	2.9000000000000004	0.1131100818981058
1.0008	3.1000000000000014	0.1009266263106768
1.0008	3.3000000000000007	0.09017555192337687
1.0008	3.5000000000000018	0.0806846925022752
1.0008	3.700000000000001	0.07229604795814482
1.0008	3.9000000000000004	0.06486690946085631
1.0008	4.100000000000001	0.05827333477654473
1.0008	4.300000000000001	0.05240765077487854
1.0008	4.500000000000002	0.0471778296882854
1.0008	4.700000000000001	0.042505625897513055
1.0008	4.9	0.038323094276965564
1.0008	5.100000000000001	0.03457326773346192
1.0008	5.300000000000001	0.031206130612047217
1.0008	5.500000000000002	0.02817895149912593
1.0008	5.700000000000001	0.02545456429608305
1.0008	5.9	0.02300025666282041
1.0008	6.1	0.020787781356681703
1.0008	6.3000000000000025	0.018791886578082742
1.0008	6.500000000000002	0.01699048198562566
1.0008	6.700000000000001	0.015363904370652737
1.0008	6.9	0.013894583991966383
1.0008	7.1	0.012566993537827458
1.0008	7.3000000000000025	0.01136709512417493
1.0008	7.500000000000002	0.010282422148935441
1.0008	7.700000000000001	0.00930173950514284
1.0008	7.9	0.008414930407941
1.0008	8.1	0.007612951574994748
1.0008	8.300000000000002	0.006887584578178364
1.0008	8.500000000000002	0.0062314846415202265
1.0008	8.700000000000001	0.005637993613271511
1.0008	8.9	0.005101100388913695
1.0008	9.100000000000003	0.004615404025711787
1.0008	9.300000000000002	0.004175985894074181
1.0008	9.500000000000002	0.003778449649511365
1.0008	9.700000000000001	0.0034187738963316716
1.0008	9.9	0.003093337332975711
1.0008	10.100000000000003	0.0027989187520163694
1.0015999999999998	-10.1	-0.0027978029542620854
1.0015999999999998	-9.9	-0.0030921042629635928
1.0015999999999998	-9.7	-0.003417411646363533
1.0015999999999998	-9.5	-0.003776944891715471
1.0015999999999998	-9.299999999999999	-0.004174337183576921
1.0015999999999998	-9.1	-0.00461356982705388
1.0015999999999998	-8.899999999999999	-0.005099090261553541
1.0015999999999998	-8.7	-0.005635766038397058
1.0015999999999998	-8.5	-0.006229029065401583
1.0015999999999998	-8.299999999999999	-0.006884880833754939
1.0015999999999998	-8.1	-0.007609947927019345
1.0015999999999998	-7.8999999999999995	-0.008411643709996043
1.0015999999999998	-7.699999999999999	-0.009298097417758876
1.0015999999999998	-7.5	-0.01027842151483467
1.0015999999999998	-7.299999999999999	-0.011362698475586614
1.0015999999999998	-7.1	-0.01256212075839888
1.0015999999999998	-6.8999999999999995	-0.013889277428629138
1.0015999999999998	-6.699999999999999	-0.015358029466611236
1.0015999999999998	-6.5	-0.0169840803075689
1.0015999999999998	-6.299999999999999	-0.018784890465267667
1.0015999999999998	-6.1	-0.020780069492197774
1.0015999999999998	-5.8999999999999995	-0.0229919653677225
1.0015999999999998	-5.699999999999999	-0.02544541034798427
1.0015999999999998	-5.499999999999999	-0.028169181476740163
1.0015999999999998	-5.299999999999999	-0.03119560208353379
1.0015999999999998	-5.1	-0.034561849115640836
1.0015999999999998	-4.8999999999999995	-0.03831119025725197
1.0015999999999998	-4.699999999999999	-0.04249262352784965
1.0015999999999998	-4.499999999999999	-0.04716465719961002
1.0015999999999998	-4.299999999999999	-0.05239389064300903
1.0015999999999998	-4.1	-0.05825928066565993
1.0015999999999998	-3.8999999999999995	-0.06485289108962225
1.0015999999999998	-3.6999999999999993	-0.07228232375605856
1.0015999999999998	-3.499999999999999	-0.08067119794308242
1.0015999999999998	-3.299999999999999	-0.09016216411232396
1.0015999999999998	-3.0999999999999996	-0.10091616007498493
1.0015999999999998	-2.8999999999999995	-0.1130940467021847
1.0015999999999998	-2.6999999999999993	-0.1268868115181074
1.0015999999999998	-2.499999999999999	-0.14239063763690718
1.0015999999999998	-2.299999999999999	-0.15971735344434107
1.0015999999999998	-2.0999999999999996	-0.1787613005292772
1.0015999999999998	-1.8999999999999986	-0.19913909977751074
1.0015999999999998	-1.6999999999999993	-0.22007127006025723
1.0015999999999998	-1.5	-0.23993738344287327
1.0015999999999998	-1.299999999999999	-0.2561785283063005
1.0015999999999998	-1.0999999999999996	-0.2648743861518492
1.0015999999999998	-0.8999999999999986	-0.2611322338103135
1.0015999999999998	-0.6999999999999993	-0.23904345707570676
1.0015999999999998	-0.4999999999999982	-0.19492693343371384
1.0015999999999998	-0.29999999999999893	-0.12838885089154872
1.0015999999999998	-0.09999999999999964	-0.04455259908684714
1.0015999999999998	0.10000000000000142	0.04529868483040985
1.0015999999999998	0.3000000000000007	0.12871807829737167
1.0015999999999998	0.5000000000000018	0.19473745505509824
1.0015999999999998	0.7000000000000011	0.2388759645687611
1.0015999999999998	0.9000000000000004	0.2605912197213227
1.0015999999999998	1.1000000000000014	0.2646489526538866
1.0015999999999998	1.3000000000000007	0.25604588726411515
1.0015999999999998	1.5000000000000018	0.23994270194550654
1.0015999999999998	1.700000000000001	0.22008529625713805
1.0015999999999998	1.9000000000000004	0.19921356802174695
1.0015999999999998	2.1000000000000014	0.178804800341559
1.0015999999999998	2.3000000000000007	0.15975033243379133
1.0015999999999998	2.5000000000000018	0.14242205796840224
1.0015999999999998	2.700000000000001	0.12688776671772026
1.0015999999999998	2.9000000000000004	0.11310696881903155
1.0015999999999998	3.1000000000000014	0.10091918526141397
1.0015999999999998	3.3000000000000007	0.09016507333007659
1.0015999999999998	3.5000000000000018	0.08067220578952462
1.0015999999999998	3.700000000000001	0.07228236082981941
1.0015999999999998	3.9000000000000004	0.064852640172745
1.0015999999999998	4.100000000000001	0.05825894851406553
1.0015999999999998	4.300000000000001	0.05239348632962833
1.0015999999999998	4.500000000000002	0.04716412589886319
1.0015999999999998	4.700000000000001	0.0424925440434477
1.0015999999999998	4.9	0.038310734118001455
1.0015999999999998	5.100000000000001	0.034561684867083026
1.0015999999999998	5.300000000000001	0.03119534624659015
1.0015999999999998	5.500000000000002	0.02816896285824761
1.0015999999999998	5.700000000000001	0.025445351710626816
1.0015999999999998	5.9	0.02299178862452339
1.0015999999999998	6.1	0.02078001950272094
1.0015999999999998	6.3000000000000025	0.018784788089953368
1.0015999999999998	6.500000000000002	0.01698400228377964
1.0015999999999998	6.700000000000001	0.015357998573413053
1.0015999999999998	6.9	0.013889207986655655
1.0015999999999998	7.1	0.012562104896885404
1.0015999999999998	7.3000000000000025	0.011362653428790158
1.0015999999999998	7.500000000000002	0.010278389387629927
1.0015999999999998	7.700000000000001	0.009298080157559214
1.0015999999999998	7.9	0.008411611488696593
1.0015999999999998	8.1	0.007609942616787975
1.0015999999999998	8.300000000000002	0.006884857527844745
1.0015999999999998	8.500000000000002	0.006229013764316985
1.0015999999999998	8.700000000000001	0.0056357553512365625
1.0015999999999998	8.9	0.005099073222826434
1.0015999999999998	9.100000000000003	0.00461356833831948
1.0015999999999998	9.300000000000002	0.004174323830508292
1.0015999999999998	9.500000000000002	0.0037769448917646634
1.0015999999999998	9.700000000000001	0.0034174116464422716
1.0015999999999998	9.9	0.003092104263052423
1.0015999999999998	10.100000000000003	0.002797802954264046
1.0031999999999999	-10.1	-0.0027955753628231927
1.0031999999999999	-9.9	-0.0030896425421893347
1.0031999999999999	-9.7	-0.003414692026454655
1.0031999999999999	-9.5	-0.0037739407662108937
1.0031999999999999	-9.299999999999999	-0.004171018974780405
1.0031999999999999	-9.1	-0.004609905023668681
1.0031999999999999	-8.899999999999999	-0.00509504319268287
1.0031999999999999	-8.7	-0.0056312975312399075
1.0031999999999999	-8.5	-0.006224096160233362
1.0031999999999999	-8.299999999999999	-0.006879436505620753
1.0031999999999999	-8.1	-0.0076039407825375105
1.0031999999999999	-7.8999999999999995	-0.008405017772583798
1.0031999999999999	-7.699999999999999	-0.009290791833483896
1.0031999999999999	-7.5	-0.010270370451370298
1.0031999999999999	-7.299999999999999	-0.011353831036389895
1.0031999999999999	-7.1	-0.012552360967183294
1.0031999999999999	-6.8999999999999995	-0.013878544763459432
1.0031999999999999	-6.699999999999999	-0.015346239024371882
1.0031999999999999	-6.5	-0.016971144210945758
1.0031999999999999	-6.299999999999999	-0.01877071908870422
1.0031999999999999	-6.1	-0.02076457354970679
1.0031999999999999	-5.8999999999999995	-0.022975059993127992
1.0031999999999999	-5.699999999999999	-0.025427018079039288
1.0031999999999999	-5.499999999999999	-0.028149240398680487
1.0031999999999999	-5.299999999999999	-0.031174072486492833
1.0031999999999999	-5.1	-0.034538724958949406
1.0031999999999999	-4.8999999999999995	-0.038286515347765546
1.0031999999999999	-4.699999999999999	-0.04246650641684144
1.0031999999999999	-4.499999999999999	-0.047137300266258814
1.0031999999999999	-4.299999999999999	-0.0523656140556563
1.0031999999999999	-4.1	-0.05823056168176146
1.0031999999999999	-3.8999999999999995	-0.0648244077478242
1.0031999999999999	-3.6999999999999993	-0.07225500274064686
1.0031999999999999	-3.499999999999999	-0.08064627796422336
1.0031999999999999	-3.299999999999999	-0.09014125595041116
1.0031999999999999	-3.0999999999999996	-0.10090132379315388
1.0031999999999999	-2.8999999999999995	-0.11308785136323489
1.0031999999999999	-2.6999999999999993	-0.12689243760787006
1.0031999999999999	-2.499999999999999	-0.14241185002628434
1.0031999999999999	-2.299999999999999	-0.1597586129345122
1.0031999999999999	-2.0999999999999996	-0.1788276261803902
1.0031999999999999	-1.8999999999999986	-0.19923575714070418
1.0031999999999999	-1.6999999999999993	-0.22020350942607972
1.0031999999999999	-1.5	-0.240108910562876
1.0031999999999999	-1.299999999999999	-0.25639035737961435
1.0031999999999999	-1.0999999999999996	-0.2651216162190783
1.0031999999999999	-0.8999999999999986	-0.2614018435013215
1.0031999999999999	-0.6999999999999993	-0.23931055775334578
1.0031999999999999	-0.4999999999999982	-0.19515817040900324
1.0031999999999999	-0.29999999999999893	-0.12854722927620266
1.0031999999999999	-0.09999999999999964	-0.04460837297088171
1.0031999999999999	0.10000000000000142	0.04535591759082051
1.0031999999999999	0.3000000000000007	0.12887710044460768
1.0031999999999999	0.5000000000000018	0.19496814922552055
1.0031999999999999	0.7000000000000011	0.23914271806384135
1.0031999999999999	0.9000000000000004	0.2608597079851149
1.0031999999999999	1.1000000000000014	0.26489584890590945
1.0031999999999999	1.3000000000000007	0.2562575199265262
1.0031999999999999	1.5000000000000018	0.2401143756100884
1.0031999999999999	1.700000000000001	0.220217569306545
1.0031999999999999	1.9000000000000004	0.19931040421869106
1.0031999999999999	2.1000000000000014	0.1788711998614802
1.0031999999999999	2.3000000000000007	0.15979164792693162
1.0031999999999999	2.5000000000000018	0.14244331038315974
1.0031999999999999	2.700000000000001	0.12689339369039976
1.0031999999999999	2.9000000000000004	0.113100785424343
1.0031999999999999	3.1000000000000014	0.10090435043846245
1.0031999999999999	3.3000000000000007	0.090144166571118
1.0031999999999999	3.5000000000000018	0.0806472847202955
1.0031999999999999	3.700000000000001	0.07225503977429856
1.0031999999999999	3.9000000000000004	0.06482415470090118
1.0031999999999999	4.100000000000001	0.05823022820752598
1.0031999999999999	4.300000000000001	0.052365208132283216
1.0031999999999999	4.500000000000002	0.04713676699585014
1.0031999999999999	4.700000000000001	0.04246642663777145
1.0031999999999999	4.9	0.03828605749361588
1.0031999999999999	5.100000000000001	0.03453856008619186
1.0031999999999999	5.300000000000001	0.03117381567728336
1.0031999999999999	5.500000000000002	0.028149020965471293
1.0031999999999999	5.700000000000001	0.02542695922316011
1.0031999999999999	5.9	0.022974882629803413
1.0031999999999999	6.1	0.02076452340246445
1.0031999999999999	6.3000000000000025	0.018770616390295564
1.0031999999999999	6.500000000000002	0.016971065976252687
1.0031999999999999	6.700000000000001	0.015346208047667108
1.0031999999999999	6.9	0.013878475168961108
1.0031999999999999	7.1	0.012552345078972453
1.0031999999999999	7.3000000000000025	0.011353785913772778
1.0031999999999999	7.500000000000002	0.010270338285565277
1.0031999999999999	7.700000000000001	0.009290774552543886
1.0031999999999999	7.9	0.00840498552627378
1.0031999999999999	8.1	0.007603935470085612
1.0031999999999999	8.300000000000002	0.006879413189973015
1.0031999999999999	8.500000000000002	0.006224080857162808
1.0031999999999999	8.700000000000001	0.005631286842690538
1.0031999999999999	8.9	0.005095026151212367
1.0031999999999999	9.100000000000003	0.004609903538883849
1.0031999999999999	9.300000000000002	0.004171005656980519
1.0031999999999999	9.500000000000002	0.0037739407663093015
1.0031999999999999	9.700000000000001	0.003414692026580908
1.0031999999999999	9.9	0.0030896425423314173
1.0031999999999999	10.100000000000003	0.002795575362922274
1.0064	-10.1	-0.002791136092315617
1.0064	-9.9	-0.003084736661924262
1.0064	-9.7	-0.003409272178817833
1.0064	-9.5	-0.0037679539343703234
1.0064	-9.299999999999999	-0.0041644062160482685
1.0064	-9.1	-0.00460260154645666
1.0064	-8.899999999999999	-0.0050869779071264385
1.0064	-8.7	-0.005622392369604413
1.0064	-8.5	-0.006214265507836709
1.0064	-8.299999999999999	-0.006868586645518518
1.0064	-8.1	-0.007591969291307793
1.0064	-7.8999999999999995	-0.008391813092019609
1.0064	-7.699999999999999	-0.00927623268413037
1.0064	-7.5	-0.010254325630691159
1.0064	-7.299999999999999	-0.011336159247305033
1.0064	-7.1	-0.012532910786483435
1.0064	-6.8999999999999995	-0.013857155705589087
1.0064	-6.699999999999999	-0.01532274186833479
1.0064	-6.5	-0.016945363803744506
1.0064	-6.299999999999999	-0.018742476788105224
1.0064	-6.1	-0.020733691384300167
1.0064	-5.8999999999999995	-0.022941368797474833
1.0064	-5.699999999999999	-0.025390363439700532
1.0064	-5.499999999999999	-0.028109498896632376
1.0064	-5.299999999999999	-0.03113116497297883
1.0064	-5.1	-0.03449263942397025
1.0064	-4.8999999999999995	-0.03823733921462986
1.0064	-4.699999999999999	-0.042414456261544047
1.0064	-4.499999999999999	-0.04708277991606004
1.0064	-4.299999999999999	-0.052309262432131756
1.0064	-4.1	-0.058173331343875694
1.0064	-3.8999999999999995	-0.0647676522353795
1.0064	-3.6999999999999993	-0.07220057227870548
1.0064	-3.499999999999999	-0.0805966462338143
1.0064	-3.299999999999999	-0.09009964020201666
1.0064	-3.0999999999999996	-0.10087183929071003
1.0064	-2.8999999999999995	-0.11307563083918311
1.0064	-2.6999999999999993	-0.12690383602844355
1.0064	-2.499999999999999	-0.14245439060778536
1.0064	-2.299999999999999	-0.1598412099992723
1.0064	-2.0999999999999996	-0.17896031011921001
1.0064	-1.8999999999999986	-0.19942905135419234
1.0064	-1.6999999999999993	-0.2204679080167047
1.0064	-1.5	-0.24045182173729446
1.0064	-1.299999999999999	-0.25681381303876233
1.0064	-1.0999999999999996	-0.2656158266682836
1.0064	-0.8999999999999986	-0.26194078900629464
1.0064	-0.6999999999999993	-0.23984449239023628
1.0064	-0.4999999999999982	-0.195620420217474
1.0064	-0.29999999999999893	-0.12886383635201937
1.0064	-0.09999999999999964	-0.04471986845837612
1.0064	0.10000000000000142	0.04547033007083819
1.0064	0.3000000000000007	0.1291949947101201
1.0064	0.5000000000000018	0.19542931317535941
1.0064	0.7000000000000011	0.2396759584970452
1.0064	0.9000000000000004	0.26139641115709084
1.0064	1.1000000000000014	0.26538939235666215
1.0064	1.3000000000000007	0.2566805831357026
1.0064	1.5000000000000018	0.24045758012399096
1.0064	1.700000000000001	0.2204820352293492
1.0064	1.9000000000000004	0.19950405591391202
1.0064	2.1000000000000014	0.1790040313909953
1.0064	2.3000000000000007	0.15987435688624319
1.0064	2.5000000000000018	0.1424859309329934
1.0064	2.700000000000001	0.1269047938760374
1.0064	2.9000000000000004	0.11308858877840483
1.0064	3.1000000000000014	0.10087486885842446
1.0064	3.3000000000000007	0.09010255363310077
1.0064	3.5000000000000018	0.08059765081079433
1.0064	3.700000000000001	0.07220060923219904
1.0064	3.9000000000000004	0.06476739492293672
1.0064	4.100000000000001	0.05817299522047519
1.0064	4.300000000000001	0.0523088532840477
1.0064	4.500000000000002	0.047082242702688945
1.0064	4.700000000000001	0.04241437589259342
1.0064	4.9	0.038236877930396165
1.0064	5.100000000000001	0.034492473303793715
1.0064	5.300000000000001	0.031130906220764656
1.0064	5.500000000000002	0.028109277836525077
1.0064	5.700000000000001	0.02539030414745853
1.0064	5.9	0.02294119019661455
1.0064	6.1	0.02073364092237525
1.0064	6.3000000000000025	0.018742373445246752
1.0064	6.500000000000002	0.016945285148543352
1.0064	6.700000000000001	0.015322710725130221
1.0064	6.9	0.013857085807070468
1.0064	7.1	0.012532894845069099
1.0064	7.3000000000000025	0.011336113973598001
1.0064	7.500000000000002	0.010254293387984417
1.0064	7.700000000000001	0.009276215361869995
1.0064	7.9	0.008391780795904075
1.0064	8.1	0.007591963974447203
1.0064	8.300000000000002	0.006868563310477163
1.0064	8.500000000000002	0.00621425020074734
1.0064	8.700000000000001	0.005622381678263112
1.0064	8.9	0.0050869608605399325
1.0064	9.100000000000003	0.004602600069548366
1.0064	9.300000000000002	0.004164392968482074
1.0064	9.500000000000002	0.0037679539343779466
1.0064	9.700000000000001	0.0034092721788885846
1.0064	9.9	0.0030847366620671782
1.0064	10.100000000000003	0.0027911360923675043
1.0128	-10.1	-0.002782320610259586
1.0128	-9.9	-0.0030749944936402174
1.0128	-9.7	-0.00339850933069441
1.0128	-9.5	-0.003756065150246597
1.0128	-9.299999999999999	-0.004151274453851764
1.0128	-9.1	-0.004588098138639621
1.0128	-8.899999999999999	-0.005070961672354921
1.0128	-8.7	-0.005604708273539293
1.0128	-8.5	-0.0061947435289368335
1.0128	-8.299999999999999	-0.006847040669724089
1.0128	-8.1	-0.007568195912016633
1.0128	-7.8999999999999995	-0.008365590758391198
1.0128	-7.699999999999999	-0.009247320535586617
1.0128	-7.5	-0.010222463094277996
1.0128	-7.299999999999999	-0.011301065695496541
1.0128	-7.1	-0.012494285472033084
1.0128	-6.8999999999999995	-0.013814679871757647
1.0128	-6.699999999999999	-0.015276079394729723
1.0128	-6.5	-0.016894166771674404
1.0128	-6.299999999999999	-0.01868639033002217
1.0128	-6.1	-0.020672361942476444
1.0128	-5.8999999999999995	-0.0228744602940903
1.0128	-5.699999999999999	-0.025317569081181233
1.0128	-5.499999999999999	-0.028030573481493955
1.0128	-5.299999999999999	-0.03104595128927395
1.0128	-5.1	-0.03440111374803421
1.0128	-4.8999999999999995	-0.038139675653635845
1.0128	-4.699999999999999	-0.04231108589705685
1.0128	-4.499999999999999	-0.04697450672871304
1.0128	-4.299999999999999	-0.052197358671623895
1.0128	-4.1	-0.058059694387635176
1.0128	-3.8999999999999995	-0.06465497911257728
1.0128	-3.6999999999999993	-0.07209255097968685
1.0128	-3.499999999999999	-0.08049820929210798
1.0128	-3.299999999999999	-0.0900172050188321
1.0128	-3.0999999999999996	-0.10081361710051881
1.0128	-2.8999999999999995	-0.11305186570440337
1.0128	-2.6999999999999993	-0.12692721405022744
1.0128	-2.499999999999999	-0.14253993231901194
1.0128	-2.299999999999999	-0.16000671514598544
1.0128	-2.0999999999999996	-0.17922580877978173
1.0128	-1.8999999999999986	-0.19981555970787668
1.0128	-1.6999999999999993	-0.2209963884392931
1.0128	-1.5	-0.24113707739945262
1.0128	-1.299999999999999	-0.2576599214226306
1.0128	-1.0999999999999996	-0.26660325670682755
1.0128	-0.8999999999999986	-0.2630175924292836
1.0128	-0.6999999999999993	-0.24091130190386642
1.0128	-0.4999999999999982	-0.19654402880569413
1.0128	-0.29999999999999893	-0.129496455219771
1.0128	-0.09999999999999964	-0.044942651503420764
1.0128	0.10000000000000142	0.045698944053588236
1.0128	0.3000000000000007	0.1298301866125542
1.0128	0.5000000000000018	0.19635074907722902
1.0128	0.7000000000000011	0.24074138025197178
1.0128	0.9000000000000004	0.26246873200934023
1.0128	1.1000000000000014	0.26637549090847196
1.0128	1.3000000000000007	0.2575259080965672
1.0128	1.5000000000000018	0.24114342344856637
1.0128	1.700000000000001	0.22101065017635052
1.0128	1.9000000000000004	0.1998912784880596
1.0128	2.1000000000000014	0.1792698246495092
1.0128	2.3000000000000007	0.16004008537972314
1.0128	2.5000000000000018	0.14257163225514916
1.0128	2.700000000000001	0.1269281754249717
1.0128	2.9000000000000004	0.11306487135956611
1.0128	3.1000000000000014	0.10081665253166663
1.0128	3.3000000000000007	0.09002012408857903
1.0128	3.5000000000000018	0.08049920951722357
1.0128	3.700000000000001	0.07209258777309653
1.0128	3.9000000000000004	0.064654713247292
1.0128	4.100000000000001	0.058059352950460774
1.0128	4.300000000000001	0.05219694305531777
1.0128	4.500000000000002	0.04697396161507231
1.0128	4.700000000000001	0.04231100434620056
1.0128	4.9	0.03813920750823619
1.0128	5.100000000000001	0.034400945136951896
1.0128	5.300000000000001	0.031045688657177252
1.0128	5.500000000000002	0.028030349177685307
1.0128	5.700000000000001	0.025317508918922246
1.0128	5.9	0.022874279228939334
1.0128	6.1	0.020672310854549993
1.0128	6.3000000000000025	0.018686285705151986
1.0128	6.500000000000002	0.016894087280597617
1.0128	6.700000000000001	0.01527604792056235
1.0128	6.9	0.013814609369288963
1.0128	7.1	0.012494269424986998
1.0128	7.3000000000000025	0.011301020121782914
1.0128	7.500000000000002	0.010222430698944001
1.0128	7.700000000000001	0.009247303131330202
1.0128	7.9	0.008365558363468717
1.0128	8.1	0.007568190586401263
1.0128	8.300000000000002	0.006847017296258647
1.0128	8.500000000000002	0.006194728213669133
1.0128	8.700000000000001	0.005604697576438247
1.0128	8.9	0.005070944616728185
1.0128	9.100000000000003	0.004588096677401141
1.0128	9.300000000000002	0.004151261346393173
1.0128	9.500000000000002	0.003756065150419119
1.0128	9.700000000000001	0.003398509330683629
1.0128	9.9	0.003074994493521636
1.0128	10.100000000000003	0.0027823206103983486
1.0255999999999998	-10.1	-0.002764936459171594
1.0255999999999998	-9.9	-0.003055782531314911
1.0255999999999998	-9.7	-0.0033772843982489325
1.0255999999999998	-9.5	-0.003732619781276418
1.0255999999999998	-9.299999999999999	-0.004125377866780721
1.0255999999999998	-9.1	-0.004559496583422041
1.0255999999999998	-8.899999999999999	-0.005039376694991216
1.0255999999999998	-8.7	-0.005569834115969531
1.0255999999999998	-8.5	-0.006156244876518652
1.0255999999999998	-8.299999999999999	-0.006804550461778338
1.0255999999999998	-8.1	-0.007521312974712313
1.0255999999999998	-7.8999999999999995	-0.00831387812087284
1.0255999999999998	-7.699999999999999	-0.009190303128277077
1.0255999999999998	-7.5	-0.010159626948053266
1.0255999999999998	-7.299999999999999	-0.011231857260575696
1.0255999999999998	-7.1	-0.0124181114804625
1.0255999999999998	-6.8999999999999995	-0.013730911490885985
1.0255999999999998	-6.699999999999999	-0.015184053488532917
1.0255999999999998	-6.5	-0.01679319687028734
1.0255999999999998	-6.299999999999999	-0.01857577618860916
1.0255999999999998	-6.1	-0.02055140581985535
1.0255999999999998	-5.8999999999999995	-0.022742498902231238
1.0255999999999998	-5.699999999999999	-0.025173996852814608
1.0255999999999998	-5.499999999999999	-0.02787490649400573
1.0255999999999998	-5.299999999999999	-0.03087787945737665
1.0255999999999998	-5.1	-0.03422059088875908
1.0255999999999998	-4.8999999999999995	-0.037947047203216705
1.0255999999999998	-4.699999999999999	-0.04210720604004253
1.0255999999999998	-4.499999999999999	-0.04676096916985646
1.0255999999999998	-4.299999999999999	-0.051976686129635685
1.0255999999999998	-4.1	-0.057835651404546086
1.0255999999999998	-3.8999999999999995	-0.06443292045198293
1.0255999999999998	-3.6999999999999993	-0.07187980383772588
1.0255999999999998	-3.499999999999999	-0.08030458062084818
1.0255999999999998	-3.299999999999999	-0.08985546255112571
1.0255999999999998	-3.0999999999999996	-0.10070010760343609
1.0255999999999998	-2.8999999999999995	-0.11300699330390443
1.0255999999999998	-2.6999999999999993	-0.12697625742461272
1.0255999999999998	-2.499999999999999	-0.14271283085762826
1.0255999999999998	-2.299999999999999	-0.16033895486034938
1.0255999999999998	-2.0999999999999996	-0.17975732910297695
1.0255999999999998	-1.8999999999999986	-0.20058827236949514
1.0255999999999998	-1.6999999999999993	-0.2220521159025845
1.0255999999999998	-1.5	-0.24250537279140572
1.0255999999999998	-1.299999999999999	-0.2593489916956407
1.0255999999999998	-1.0999999999999996	-0.2685742279145144
1.0255999999999998	-0.8999999999999986	-0.26516692517756946
1.0255999999999998	-0.6999999999999993	-0.24304075153426183
1.0255999999999998	-0.4999999999999982	-0.19838773702262463
1.0255999999999998	-0.29999999999999893	-0.130759347041324
1.0255999999999998	-0.09999999999999964	-0.04538739797046992
1.0255999999999998	0.10000000000000142	0.04615534019925142
1.0255999999999998	0.3000000000000007	0.1310982191213565
1.0255999999999998	0.5000000000000018	0.1981901082639822
1.0255999999999998	0.7000000000000011	0.24286805697338104
1.0255999999999998	0.9000000000000004	0.2646091080415552
1.0255999999999998	1.1000000000000014	0.26834380901137384
1.0255999999999998	1.3000000000000007	0.2592134173301272
1.0255999999999998	1.5000000000000018	0.24251289794739778
1.0255999999999998	1.700000000000001	0.22206664613080393
1.0255999999999998	1.9000000000000004	0.2006654166298393
1.0255999999999998	2.1000000000000014	0.17980193187578591
1.0255999999999998	2.3000000000000007	0.1603727700493524
1.0255999999999998	2.5000000000000018	0.14274484874792318
1.0255999999999998	2.700000000000001	0.12697722584255502
1.0255999999999998	2.9000000000000004	0.11302009424072901
1.0255999999999998	3.1000000000000014	0.10070315483591538
1.0255999999999998	3.3000000000000007	0.08985839296980143
1.0255999999999998	3.5000000000000018	0.080305572165294
1.0255999999999998	3.700000000000001	0.07187984031181172
1.0255999999999998	3.9000000000000004	0.06443263739340462
1.0255999999999998	4.100000000000001	0.05783529927894538
1.0255999999999998	4.300000000000001	0.051976257502780544
1.0255999999999998	4.500000000000002	0.04676040820012172
1.0255999999999998	4.700000000000001	0.042107122117061115
1.0255999999999998	4.9	0.037946565332623146
1.0255999999999998	5.100000000000001	0.03422041731165944
1.0255999999999998	5.300000000000001	0.030877609090109014
1.0255999999999998	5.500000000000002	0.02787467574267944
1.0255999999999998	5.700000000000001	0.02517393496121887
1.0255999999999998	5.9	0.022742312950833475
1.0255999999999998	6.1	0.02055135349309023
1.0255999999999998	6.3000000000000025	0.018575669026704822
1.0255999999999998	6.500000000000002	0.01679311572756871
1.0255999999999998	6.700000000000001	0.015184021360403187
1.0255999999999998	6.9	0.013730839796413673
1.0255999999999998	7.1	0.012418095225117592
1.0255999999999998	7.3000000000000025	0.011231811095328885
1.0255999999999998	7.500000000000002	0.010159594252041415
1.0255999999999998	7.700000000000001	0.009190285562485141
1.0255999999999998	7.9	0.00831384553149187
1.0255999999999998	8.1	0.007521307631892192
1.0255999999999998	8.300000000000002	0.006804527012839956
1.0255999999999998	8.500000000000002	0.006156229544517426
1.0255999999999998	8.700000000000001	0.005569823407105914
1.0255999999999998	8.9	0.005039359626528456
1.0255999999999998	9.100000000000003	0.0045594951531273496
1.0255999999999998	9.300000000000002	0.004125365036348471
1.0255999999999998	9.500000000000002	0.003732619781427791
1.0255999999999998	9.700000000000001	0.003377284398290932
1.0255999999999998	9.9	0.0030557825312550004
1.0255999999999998	10.100000000000003	0.00276493645902858
1.0512	-10.1	-0.002731114199082828
1.0512	-9.9	-0.0030184025517317106
1.0512	-9.7	-0.003335987241773609
1.0512	-9.5	-0.003687002211044202
1.0512	-9.299999999999999	-0.004074990999049721
1.0512	-9.1	-0.004503846672075827
1.0512	-8.899999999999999	-0.00497792181952088
1.0512	-8.7	-0.005501979286912931
1.0512	-8.5	-0.006081337594822059
1.0512	-8.299999999999999	-0.006721876424987274
1.0512	-8.1	-0.007430091467844351
1.0512	-7.8999999999999995	-0.008213258725100165
1.0512	-7.699999999999999	-0.00907936123108596
1.0512	-7.5	-0.010037362162072945
1.0512	-7.299999999999999	-0.011097192077301064
1.0512	-7.1	-0.012269890971586475
1.0512	-6.8999999999999995	-0.013567911364962588
1.0512	-6.699999999999999	-0.015004982503109153
1.0512	-6.5	-0.016596718163073215
1.0512	-6.299999999999999	-0.018360525867475493
1.0512	-6.1	-0.020316024618265805
1.0512	-5.8999999999999995	-0.022485694592274393
1.0512	-5.699999999999999	-0.024894589489348997
1.0512	-5.499999999999999	-0.02757195361821479
1.0512	-5.299999999999999	-0.03055077818569301
1.0512	-5.1	-0.033869254468532194
1.0512	-4.8999999999999995	-0.037572156711815026
1.0512	-4.699999999999999	-0.041710440187285376
1.0512	-4.499999999999999	-0.04634546163121898
1.0512	-4.299999999999999	-0.05154739969129908
1.0512	-4.1	-0.05739999997136297
1.0512	-3.8999999999999995	-0.06400146326211816
1.0512	-3.6999999999999993	-0.07146700817912778
1.0512	-3.499999999999999	-0.07992983709134253
1.0512	-3.299999999999999	-0.0895440485018527
1.0512	-3.0999999999999996	-0.1004844250207869
1.0512	-2.8999999999999995	-0.11292752677678769
1.0512	-2.6999999999999993	-0.1270832040048841
1.0512	-2.499999999999999	-0.14306567735839726
1.0512	-2.299999999999999	-0.16100823561743138
1.0512	-2.0999999999999996	-0.18082245621005164
1.0512	-1.8999999999999986	-0.2021326012274185
1.0512	-1.6999999999999993	-0.22415889054731028
1.0512	-1.5	-0.2452334852434074
1.0512	-1.299999999999999	-0.26271504345456065
1.0512	-1.0999999999999996	-0.272501185202175
1.0512	-0.8999999999999986	-0.2694490793592249
1.0512	-0.6999999999999993	-0.24728350913209202
1.0512	-0.4999999999999982	-0.20206154315950342
1.0512	-0.29999999999999893	-0.13327601931830269
1.0512	-0.09999999999999964	-0.04627370600253174
1.0512	0.10000000000000142	0.04706489880438965
1.0512	0.3000000000000007	0.13362515124571048
1.0512	0.5000000000000018	0.201855203359428
1.0512	0.7000000000000011	0.24710527927579032
1.0512	0.9000000000000004	0.26887338277973294
1.0512	1.1000000000000014	0.2722654982323084
1.0512	1.3000000000000007	0.26257636945271984
1.0512	1.5000000000000018	0.24524338259637227
1.0512	1.700000000000001	0.2241739555466543
1.0512	1.9000000000000004	0.20221258470830014
1.0512	2.1000000000000014	0.18086822393515067
1.0512	2.3000000000000007	0.16104293400448494
1.0512	2.5000000000000018	0.14309832635344777
1.0512	2.700000000000001	0.12708418647073716
1.0512	2.9000000000000004	0.11294081775669046
1.0512	3.1000000000000014	0.10048749615269917
1.0512	3.3000000000000007	0.0895470019038223
1.0512	3.5000000000000018	0.07993081134997186
1.0512	3.700000000000001	0.0714670440173679
1.0512	3.9000000000000004	0.0640011454642369
1.0512	4.100000000000001	0.05739962623252478
1.0512	4.300000000000001	0.05154694475562016
1.0512	4.500000000000002	0.04634486874095015
1.0512	4.700000000000001	0.04171035148882459
1.0512	4.9	0.037571647387559005
1.0512	5.100000000000001	0.0338690710227219
1.0512	5.300000000000001	0.030550492446846617
1.0512	5.500000000000002	0.02757171012756744
1.0512	5.700000000000001	0.02489452418084901
1.0512	5.9	0.022485499031721975
1.0512	6.1	0.020315969864210203
1.0512	6.3000000000000025	0.018360413734673144
1.0512	6.500000000000002	0.016596633793570948
1.0512	6.700000000000001	0.015004949097471956
1.0512	6.9	0.013567837347106473
1.0512	7.1	0.01226987431102993
1.0512	7.3000000000000025	0.011097144761133715
1.0512	7.500000000000002	0.010037328882050387
1.0512	7.700000000000001	0.009079343351616986
1.0512	7.9	0.00821322575871953
1.0512	8.1	0.007430086091651174
1.0512	8.300000000000002	0.006721852829779226
1.0512	8.500000000000002	0.006081322227878162
1.0512	8.700000000000001	0.0055019685535912044
1.0512	8.9	0.0049779047452596465
1.0512	9.100000000000003	0.00450384530244273
1.0512	9.300000000000002	0.004074978711881574
1.0512	9.500000000000002	0.0036870022120940754
1.0512	9.700000000000001	0.0033359872422329814
1.0512	9.9	0.003018402551355547
1.0512	10.100000000000003	0.0027311141984235347
1.1023999999999998	-10.1	-0.002666954336457848
1.1023999999999998	-9.9	-0.002947487290180262
1.1023999999999998	-9.7	-0.003257637839725382
1.1023999999999998	-9.5	-0.003600455424455232
1.1023999999999998	-9.299999999999999	-0.003979395889614118
1.1023999999999998	-9.1	-0.004398266493708065
1.1023999999999998	-8.899999999999999	-0.004861327989469024
1.1023999999999998	-8.7	-0.005373242725963722
1.1023999999999998	-8.5	-0.005939220119702693
1.1023999999999998	-8.299999999999999	-0.006565022508711972
1.1023999999999998	-8.1	-0.0072570194708682515
1.1023999999999998	-7.8999999999999995	-0.008022354604544132
1.1023999999999998	-7.699999999999999	-0.008868869988773152
1.1023999999999998	-7.5	-0.009805384779842816
1.1023999999999998	-7.299999999999999	-0.010841682904865715
1.1023999999999998	-7.1	-0.011988657070302975
1.1023999999999998	-6.8999999999999995	-0.013258627742867237
1.1023999999999998	-6.699999999999999	-0.014665196568931397
1.1023999999999998	-6.5	-0.01622389021742772
1.1023999999999998	-6.299999999999999	-0.01795206440115656
1.1023999999999998	-6.1	-0.019869346388827994
1.1023999999999998	-5.8999999999999995	-0.021998344055569632
1.1023999999999998	-5.699999999999999	-0.024364324643637292
1.1023999999999998	-5.499999999999999	-0.02699698672657974
1.1023999999999998	-5.299999999999999	-0.029929971578888204
1.1023999999999998	-5.1	-0.03320246050055931
1.1023999999999998	-4.8999999999999995	-0.036860707250748644
1.1023999999999998	-4.699999999999999	-0.04095758970472133
1.1023999999999998	-4.499999999999999	-0.045557285814918025
1.1023999999999998	-4.299999999999999	-0.050733525467659094
1.1023999999999998	-4.1	-0.056574835319834885
1.1023999999999998	-3.8999999999999995	-0.06318557550087409
1.1023999999999998	-3.6999999999999993	-0.07068864210431945
1.1023999999999998	-3.499999999999999	-0.07922694775986112
1.1023999999999998	-3.299999999999999	-0.08896623288079317
1.1023999999999998	-3.0999999999999996	-0.100095403804337
1.1023999999999998	-2.8999999999999995	-0.11280706541651644
1.1023999999999998	-2.6999999999999993	-0.12733035708729926
1.1023999999999998	-2.499999999999999	-0.1437979596252847
1.1023999999999998	-2.299999999999999	-0.1623650853781191
1.1023999999999998	-2.0999999999999996	-0.18296095117717673
1.1023999999999998	-1.8999999999999986	-0.20521768970336118
1.1023999999999998	-1.6999999999999993	-0.22835552352358482
1.1023999999999998	-1.5	-0.2506585867319032
1.1023999999999998	-1.299999999999999	-0.2694024250750287
1.1023999999999998	-1.0999999999999996	-0.280299357335731
1.1023999999999998	-0.8999999999999986	-0.27795167649764996
1.1023999999999998	-0.6999999999999993	-0.25570845044775997
1.1023999999999998	-0.4999999999999982	-0.2093579012005427
1.1023999999999998	-0.29999999999999893	-0.13827496579393553
1.1023999999999998	-0.09999999999999964	-0.048034287268140165
1.1023999999999998	0.10000000000000142	0.04887178701978197
1.1023999999999998	0.3000000000000007	0.1386445317225027
1.1023999999999998	0.5000000000000018	0.20913409911385575
1.1023999999999998	0.7000000000000011	0.25551919249663074
1.1023999999999998	0.9000000000000004	0.2773403582967178
1.1023999999999998	1.1000000000000014	0.2800532767795716
1.1023999999999998	1.3000000000000007	0.26925763567272587
1.1023999999999998	1.5000000000000018	0.2506732762370556
1.1023999999999998	1.700000000000001	0.2283716494108299
1.1023999999999998	1.9000000000000004	0.20530330567748772
1.1023999999999998	2.1000000000000014	0.18300901577688447
1.1023999999999998	2.3000000000000007	0.1624015251198939
1.1023999999999998	2.5000000000000018	0.1438318535450832
1.1023999999999998	2.700000000000001	0.12733136753605923
1.1023999999999998	2.9000000000000004	0.11282073495443254
1.1023999999999998	3.1000000000000014	0.10009852390274689
1.1023999999999998	3.3000000000000007	0.08896923337216166
1.1023999999999998	3.5000000000000018	0.07922788762841515
1.1023999999999998	3.700000000000001	0.07068867667751341
1.1023999999999998	3.9000000000000004	0.06318518680775706
1.1023999999999998	4.100000000000001	0.05657441746526742
1.1023999999999998	4.300000000000001	0.050733016831863424
1.1023999999999998	4.500000000000002	0.04555662835107189
1.1023999999999998	4.700000000000001	0.04095749134581708
1.1023999999999998	4.9	0.03686014306178093
1.1023999999999998	5.100000000000001	0.03320225757030647
1.1023999999999998	5.300000000000001	0.029929655490692136
1.1023999999999998	5.500000000000002	0.026996718348773402
1.1023999999999998	5.700000000000001	0.02436425265995477
1.1023999999999998	5.9	0.021998129884849064
1.1023999999999998	6.1	0.0198692869658824
1.1023999999999998	6.3000000000000025	0.017951942706805734
1.1023999999999998	6.500000000000002	0.016223799673780445
1.1023999999999998	6.700000000000001	0.014665160718695948
1.1023999999999998	6.9	0.01325854929727535
1.1023999999999998	7.1	0.011988639639956118
1.1023999999999998	7.3000000000000025	0.010841633402492301
1.1023999999999998	7.500000000000002	0.009805350393449586
1.1023999999999998	7.700000000000001	0.008868851514901249
1.1023999999999998	7.9	0.008022320926200567
1.1023999999999998	8.1	0.0072570140318368405
1.1023999999999998	8.300000000000002	0.006564998637371275
1.1023999999999998	8.500000000000002	0.005939204681770868
1.1023999999999998	8.700000000000001	0.005373231943131957
1.1023999999999998	8.9	0.00486131097469942
1.1023999999999998	9.100000000000003	0.004398265239439599
1.1023999999999998	9.300000000000002	0.0039793846416930736
1.1023999999999998	9.500000000000002	0.0036004554260837996
1.1023999999999998	9.700000000000001	0.003257637839891207
1.1023999999999998	9.9	0.0029474872881560875
1.1023999999999998	10.100000000000003	0.0026669543336805897
1.2047999999999999	-10.1	-0.0025505820304118445
1.2047999999999999	-9.9	-0.0028188345345617183
1.2047999999999999	-9.7	-0.0031154858637894287
1.2047999999999999	-9.5	-0.003443426919830418
1.2047999999999999	-9.299999999999999	-0.003805950427985979
1.2047999999999999	-9.1	-0.0042067051725040525
1.2047999999999999	-8.899999999999999	-0.0046497834545378095
1.2047999999999999	-8.7	-0.00513966575456276
1.2047999999999999	-8.5	-0.0056813635742086485
1.2047999999999999	-8.299999999999999	-0.006280426265046861
1.2047999999999999	-8.1	-0.006942994373933973
1.2047999999999999	-7.8999999999999995	-0.007675970949721833
1.2047999999999999	-7.699999999999999	-0.00848694193367012
1.2047999999999999	-7.5	-0.009384464672561163
1.2047999999999999	-7.299999999999999	-0.010378056455378742
1.2047999999999999	-7.1	-0.011478341995070892
1.2047999999999999	-6.8999999999999995	-0.012697401473864117
1.2047999999999999	-6.699999999999999	-0.014048604108656222
1.2047999999999999	-6.5	-0.015547318067037179
1.2047999999999999	-6.299999999999999	-0.01721080505954
1.2047999999999999	-6.1	-0.019058707928876265
1.2047999999999999	-5.8999999999999995	-0.021113870966864293
1.2047999999999999	-5.699999999999999	-0.02340195424986472
1.2047999999999999	-5.499999999999999	-0.025953497792776836
1.2047999999999999	-5.299999999999999	-0.028803347720409208
1.2047999999999999	-5.1	-0.03199252513397348
1.2047999999999999	-4.8999999999999995	-0.03557005408591547
1.2047999999999999	-4.699999999999999	-0.03959241185066484
1.2047999999999999	-4.499999999999999	-0.0441291148151143
1.2047999999999999	-4.299999999999999	-0.04926062633204355
1.2047999999999999	-4.1	-0.05508461206333489
1.2047999999999999	-3.8999999999999995	-0.06171728910444213
1.2047999999999999	-3.6999999999999993	-0.06929641540168273
1.2047999999999999	-3.499999999999999	-0.07798383864931764
1.2047999999999999	-3.299999999999999	-0.08796811123910576
1.2047999999999999	-3.0999999999999996	-0.09946594206830656
1.2047999999999999	-2.8999999999999995	-0.11270159972019746
1.2047999999999999	-2.6999999999999993	-0.12794233225806495
1.2047999999999999	-2.499999999999999	-0.14535731604091162
1.2047999999999999	-2.299999999999999	-0.16514500637770196
1.2047999999999999	-2.0999999999999996	-0.18726944811176185
1.2047999999999999	-1.8999999999999986	-0.21137839291232058
1.2047999999999999	-1.6999999999999993	-0.23669270480622234
1.2047999999999999	-1.5	-0.26140271630054696
1.2047999999999999	-1.299999999999999	-0.28262269563133186
1.2047999999999999	-1.0999999999999996	-0.29570128162245474
1.2047999999999999	-0.8999999999999986	-0.2947398348202445
1.2047999999999999	-0.6999999999999993	-0.27234377820721106
1.2047999999999999	-0.4999999999999982	-0.22376794622724291
1.2047999999999999	-0.29999999999999893	-0.14814972244146965
1.2047999999999999	-0.09999999999999964	-0.05151230041492597
1.2047999999999999	0.10000000000000142	0.05244165532885144
1.2047999999999999	0.3000000000000007	0.14855982156216793
1.2047999999999999	0.5000000000000018	0.22350913280163853
1.2047999999999999	0.7000000000000011	0.27213263366876056
1.2047999999999999	0.9000000000000004	0.29405782120542173
1.2047999999999999	1.1000000000000014	0.29543491349098405
1.2047999999999999	1.3000000000000007	0.2824659693822173
1.2047999999999999	1.5000000000000018	0.26142712892826425
1.2047999999999999	1.700000000000001	0.23671091971550046
1.2047999999999999	1.9000000000000004	0.2114750999757735
1.2047999999999999	2.1000000000000014	0.18732199107642278
1.2047999999999999	2.3000000000000007	0.16518484135138337
1.2047999999999999	2.5000000000000018	0.1453936432757011
1.2047999999999999	2.700000000000001	0.12794339846177433
1.2047999999999999	2.9000000000000004	0.11271602352176822
1.2047999999999999	3.1000000000000014	0.09946916451151928
1.2047999999999999	3.3000000000000007	0.08797121015198059
1.2047999999999999	3.5000000000000018	0.07798470970656364
1.2047999999999999	3.700000000000001	0.06929644744364707
1.2047999999999999	3.9000000000000004	0.06171675305034038
1.2047999999999999	4.100000000000001	0.05508410283778502
1.2047999999999999	4.300000000000001	0.04926000647442066
1.2047999999999999	4.500000000000002	0.04412832592699015
1.2047999999999999	4.700000000000001	0.03959229383017592
1.2047999999999999	4.9	0.035569380641163564
1.2047999999999999	5.100000000000001	0.03199228421332035
1.2047999999999999	5.300000000000001	0.028802972457675737
1.2047999999999999	5.500000000000002	0.025953181768979514
1.2047999999999999	5.700000000000001	0.02340186948666105
1.2047999999999999	5.9	0.021113621693594428
1.2047999999999999	6.1	0.019058639801811984
1.2047999999999999	6.3000000000000025	0.017210665539756163
1.2047999999999999	6.500000000000002	0.01554721611622034
1.2047999999999999	6.700000000000001	0.01404856374192155
1.2047999999999999	6.9	0.012697314903987995
1.2047999999999999	7.1	0.011478323159846817
1.2047999999999999	7.3000000000000025	0.01037800296302567
1.2047999999999999	7.500000000000002	0.009384428275947109
1.2047999999999999	7.700000000000001	0.008486922379860713
1.2047999999999999	7.9	0.007675935982288214
1.2047999999999999	8.1	0.00694298881967151
1.2047999999999999	8.300000000000002	0.006280401888406538
1.2047999999999999	8.500000000000002	0.005681348008991008
1.2047999999999999	8.700000000000001	0.005139654882904945
1.2047999999999999	8.9	0.004649766788287472
1.2047999999999999	9.100000000000003	0.004206704129047995
1.2047999999999999	9.300000000000002	0.0038059410683780695
1.2047999999999999	9.500000000000002	0.003443426921360936
1.2047999999999999	9.700000000000001	0.0031154858625481157
1.2047999999999999	9.9	0.0028188345306501507
1.2047999999999999	10.100000000000003	0.0025505820285366006
1.3072	-10.1	-0.002448380668239095
1.3072	-9.9	-0.0027058046666952476
1.3072	-9.7	-0.0029905735584458653
1.3072	-9.5	-0.0033054320669821313
1.3072	-9.299999999999999	-0.00365352422255473
1.3072	-9.1	-0.004038355613495732
1.3072	-8.899999999999999	-0.00446386784684151
1.3072	-8.7	-0.004934381863401644
1.3072	-8.5	-0.005454735179951268
1.3072	-8.299999999999999	-0.006030289947612382
1.3072	-8.1	-0.006666985220704436
1.3072	-7.8999999999999995	-0.007371512347805184
1.3072	-7.699999999999999	-0.00815123178899033
1.3072	-7.5	-0.009014470384482396
1.3072	-7.299999999999999	-0.009970510658704444
1.3072	-7.1	-0.01102974127890385
1.3072	-6.8999999999999995	-0.012204031035520993
1.3072	-6.699999999999999	-0.013506544537920405
1.3072	-6.5	-0.014952511271373153
1.3072	-6.299999999999999	-0.016559111861173377
1.3072	-6.1	-0.0183460055768707
1.3072	-5.8999999999999995	-0.020336253109525568
1.3072	-5.699999999999999	-0.022555869863865288
1.3072	-5.499999999999999	-0.025036161361489263
1.3072	-5.299999999999999	-0.027813069810048732
1.3072	-5.1	-0.030929294443876057
1.3072	-4.8999999999999995	-0.034436410060730185
1.3072	-4.699999999999999	-0.038394206124864626
1.3072	-4.499999999999999	-0.04287717890574221
1.3072	-4.299999999999999	-0.0479720880118439
1.3072	-4.1	-0.053785232374642965
1.3072	-3.8999999999999995	-0.0604441313089866
1.3072	-3.6999999999999993	-0.06810080707145127
1.3072	-3.499999999999999	-0.0769354532908907
1.3072	-3.299999999999999	-0.08715885847319449
1.3072	-3.0999999999999996	-0.09901499472064562
1.3072	-2.8999999999999995	-0.11275927815831467
1.3072	-2.6999999999999993	-0.12869650426618928
1.3072	-2.499999999999999	-0.14703182583735394
1.3072	-2.299999999999999	-0.16800620752795653
1.3072	-2.0999999999999996	-0.1916179379112023
1.3072	-1.8999999999999986	-0.2175301794708793
1.3072	-1.6999999999999993	-0.24496506653435252
1.3072	-1.5	-0.2720217339208351
1.3072	-1.299999999999999	-0.29565895007241966
1.3072	-1.0999999999999996	-0.31087002232297684
1.3072	-0.8999999999999986	-0.3112661229384241
1.3072	-0.6999999999999993	-0.288718914034675
1.3072	-0.4999999999999982	-0.2379554935498117
1.3072	-0.29999999999999893	-0.15787403209742687
1.3072	-0.09999999999999964	-0.05493753601996682
1.3072	0.10000000000000142	0.05595776462468929
1.3072	0.3000000000000007	0.15832423131350734
1.3072	0.5000000000000018	0.2376616116604983
1.3072	0.7000000000000011	0.2884861051684713
1.3072	0.9000000000000004	0.3105141318264886
1.3072	1.1000000000000014	0.31058396782418113
1.3072	1.3000000000000007	0.29549064071638015
1.3072	1.5000000000000018	0.27205601169278915
1.3072	1.700000000000001	0.24498532894386238
1.3072	1.9000000000000004	0.21763775717501543
1.3072	2.1000000000000014	0.19167482062384472
1.3072	2.3000000000000007	0.16804933264238198
1.3072	2.5000000000000018	0.147070521716807
1.3072	2.700000000000001	0.12869762613046054
1.3072	2.9000000000000004	0.11277445493066317
1.3072	3.1000000000000014	0.09901832511154189
1.3072	3.3000000000000007	0.08716206119677242
1.3072	3.5000000000000018	0.07693625496797547
1.3072	3.700000000000001	0.06810083656291367
1.3072	3.9000000000000004	0.06044344074550014
1.3072	4.100000000000001	0.053784628023480455
1.3072	4.300000000000001	0.04797135235790339
1.3072	4.500000000000002	0.042876256129819344
1.3072	4.700000000000001	0.038394068072254414
1.3072	4.9	0.034435628205930956
1.3072	5.100000000000001	0.03092901678264135
1.3072	5.300000000000001	0.027812637315081212
1.3072	5.500000000000002	0.025035800279962255
1.3072	5.700000000000001	0.022555773011830548
1.3072	5.9	0.02033597125558042
1.3072	6.1	0.01834592949137354
1.3072	6.3000000000000025	0.016558956042406443
1.3072	6.500000000000002	0.014952399012208469
1.3072	6.700000000000001	0.013506500092693646
1.3072	6.9	0.012203937189914707
1.3072	7.1	0.01102972119524076
1.3072	7.3000000000000025	0.009970453615712593
1.3072	7.500000000000002	0.009014432210664981
1.3072	7.700000000000001	0.00815121128391192
1.3072	7.9	0.007371476247516466
1.3072	8.1	0.006666979568847837
1.3072	8.300000000000002	0.006030265119555225
1.3072	8.500000000000002	0.005454719521444817
1.3072	8.700000000000001	0.004934370927463776
1.3072	8.9	0.004463851781387533
1.3072	9.100000000000003	0.004038354756770752
1.3072	9.300000000000002	0.0036535165033695642
1.3072	9.500000000000002	0.0033054320679141904
1.3072	9.700000000000001	0.002990573558484308
1.3072	9.9	0.002705804667408824
1.3072	10.100000000000003	0.002448380671265865
1.512	-10.1	-0.002273477941424804
1.512	-9.9	-0.002512247791968786
1.512	-9.7	-0.0027766054830531254
1.512	-9.5	-0.0030690298224718402
1.512	-9.299999999999999	-0.0033923976446402484
1.512	-9.1	-0.003749958837418035
1.512	-8.899999999999999	-0.004145389507550577
1.512	-8.7	-0.004582736305957297
1.512	-8.5	-0.005066538473258736
1.512	-8.299999999999999	-0.005601838640149788
1.512	-8.1	-0.006194231560793754
1.512	-7.8999999999999995	-0.00685004704549198
1.512	-7.699999999999999	-0.007576260466417202
1.512	-7.5	-0.008380805504903248
1.512	-7.299999999999999	-0.009272564812598267
1.512	-7.1	-0.010261525648016091
1.512	-6.8999999999999995	-0.011359199654290105
1.512	-6.699999999999999	-0.012578406775505526
1.512	-6.5	-0.013934149029404003
1.512	-6.299999999999999	-0.015443482223711998
1.512	-6.1	-0.01712611335909918
1.512	-5.8999999999999995	-0.019005509798990187
1.512	-5.699999999999999	-0.021108338444565767
1.512	-5.499999999999999	-0.023467298538694146
1.512	-5.299999999999999	-0.02612032144232204
1.512	-5.1	-0.029113150337111617
1.512	-4.8999999999999995	-0.03250202405910913
1.512	-4.699999999999999	-0.03635277612713679
1.512	-4.499999999999999	-0.04074911545969874
1.512	-4.299999999999999	-0.04578947035921122
1.512	-4.1	-0.0515963074310278
1.512	-3.8999999999999995	-0.05831852561970921
1.512	-3.6999999999999993	-0.06613532017368741
1.512	-3.499999999999999	-0.07526223477018812
1.512	-3.299999999999999	-0.08595319285436052
1.512	-3.0999999999999996	-0.09850546842100895
1.512	-2.8999999999999995	-0.11323560800230716
1.512	-2.6999999999999993	-0.1305223006067744
1.512	-2.499999999999999	-0.15064148503946725
1.512	-2.299999999999999	-0.1739175386200393
1.512	-2.0999999999999996	-0.20041575394513958
1.512	-1.8999999999999986	-0.22982934517853126
1.512	-1.6999999999999993	-0.26138357340695956
1.512	-1.5	-0.2930002555913089
1.512	-1.299999999999999	-0.32133867609389033
1.512	-1.0999999999999996	-0.3406998347675591
1.512	-0.8999999999999986	-0.34373879942622076
1.512	-0.6999999999999993	-0.32088468371486967
1.512	-0.4999999999999982	-0.26582453894165603
1.512	-0.29999999999999893	-0.17697749226934148
1.512	-0.09999999999999964	-0.06166655358762366
1.512	0.10000000000000142	0.06286592309302093
1.512	0.3000000000000007	0.17750674150683576
1.512	0.5000000000000018	0.26546072120409586
1.512	0.7000000000000011	0.3206091524401962
1.512	0.9000000000000004	0.34284881154495356
1.512	1.1000000000000014	0.34037571203173966
1.512	1.3000000000000007	0.32114796806733237
1.512	1.5000000000000018	0.293054409260478
1.512	1.700000000000001	0.26140782758644115
1.512	1.9000000000000004	0.2299581160900873
1.512	2.1000000000000014	0.20048101750809724
1.512	2.3000000000000007	0.1739670176004646
1.512	2.5000000000000018	0.15068479889424327
1.512	2.700000000000001	0.13052353453155055
1.512	2.9000000000000004	0.11325230074463338
1.512	3.1000000000000014	0.09850902789853067
1.512	3.3000000000000007	0.08595661588321422
1.512	3.5000000000000018	0.07526289175485995
1.512	3.700000000000001	0.06613534434348045
1.512	3.9000000000000004	0.05831750697462709
1.512	4.100000000000001	0.05159550473390862
1.512	4.300000000000001	0.04578849326609755
1.512	4.500000000000002	0.040747921431248016
1.512	4.700000000000001	0.036352597494533144
1.512	4.9	0.032501029094982176
1.512	5.100000000000001	0.02911280240929859
1.512	5.300000000000001	0.026119779497104027
1.512	5.500000000000002	0.02346685327975256
1.512	5.700000000000001	0.02110821901465014
1.512	5.9	0.019005168213862406
1.512	6.1	0.017126022895171483
1.512	6.3000000000000025	0.015443296957668749
1.512	6.500000000000002	0.013934018348387488
1.512	6.700000000000001	0.01257835503730531
1.512	6.9	0.011359092907747274
1.512	7.1	0.010261503360567211
1.512	7.3000000000000025	0.009272501511454282
1.512	7.500000000000002	0.008380764204074157
1.512	7.700000000000001	0.007576238282940516
1.512	7.9	0.006850008934843307
1.512	8.1	0.00619422572647469
1.512	8.300000000000002	0.005601813010835727
1.512	8.500000000000002	0.005066522804663067
1.512	8.700000000000001	0.004582725365467657
1.512	8.9	0.004145374976584231
1.512	9.100000000000003	0.003749958271860694
1.512	9.300000000000002	0.003392392539201775
1.512	9.500000000000002	0.00306902982280569
1.512	9.700000000000001	0.0027766054810120133
1.512	9.9	0.002512247792748762
1.512	10.100000000000003	0.0022734779575323883
1.69632	-10.1	-0.002144708927639156
1.69632	-9.9	-0.0023695821060319743
1.69632	-9.7	-0.002618802704603885
1.69632	-9.5	-0.0028946362148478655
1.69632	-9.299999999999999	-0.00319974831797649
1.69632	-9.1	-0.003537188129933395
1.69632	-8.899999999999999	-0.003910427053242359
1.69632	-8.7	-0.004323307068245341
1.69632	-8.5	-0.0047801464607945985
1.69632	-8.299999999999999	-0.005285753204690064
1.69632	-8.1	-0.005845469051113785
1.69632	-7.8999999999999995	-0.006465358548929633
1.69632	-7.699999999999999	-0.0071521145246106815
1.69632	-7.5	-0.007913382945760775
1.69632	-7.299999999999999	-0.008757754631090332
1.69632	-7.1	-0.009694924847585204
1.69632	-6.8999999999999995	-0.010736148616215024
1.69632	-6.699999999999999	-0.011893999781314722
1.69632	-6.5	-0.013183326258427636
1.69632	-6.299999999999999	-0.01462111063124598
1.69632	-6.1	-0.01622712115381787
1.69632	-5.8999999999999995	-0.018025170860646544
1.69632	-5.699999999999999	-0.020042461930746255
1.69632	-5.499999999999999	-0.02231282250681969
1.69632	-5.299999999999999	-0.024875786469726515
1.69632	-5.1	-0.02777954431515677
1.69632	-4.8999999999999995	-0.031084118757900386
1.69632	-4.699999999999999	-0.0348602318156847
1.69632	-4.499999999999999	-0.039199166527783415
1.69632	-4.299999999999999	-0.044208962407087514
1.69632	-4.1	-0.050025567038964415
1.69632	-3.8999999999999995	-0.05681592110593589
1.69632	-3.6999999999999993	-0.06478233389547013
1.69632	-3.499999999999999	-0.07417083129424536
1.69632	-3.299999999999999	-0.08527281798692497
1.69632	-3.0999999999999996	-0.09843231722994943
1.69632	-2.8999999999999995	-0.11401972879552985
1.69632	-2.6999999999999993	-0.1324790623742027
1.69632	-2.499999999999999	-0.15414879399604067
1.69632	-2.299999999999999	-0.17942677586549835
1.69632	-2.0999999999999996	-0.20843706323871283
1.69632	-1.8999999999999986	-0.24089904293049244
1.69632	-1.6999999999999993	-0.2760410973571013
1.69632	-1.5	-0.3116302438156381
1.69632	-1.299999999999999	-0.34406717406079196
1.69632	-1.0999999999999996	-0.36704790081812466
1.69632	-0.8999999999999986	-0.3723911366346828
1.69632	-0.6999999999999993	-0.3492534366543655
1.69632	-0.4999999999999982	-0.2904020554232815
1.69632	-0.29999999999999893	-0.19382542682704576
1.69632	-0.09999999999999964	-0.0676010865944706
1.69632	0.10000000000000142	0.06895895858764987
1.69632	0.3000000000000007	0.19442461891405807
1.69632	0.5000000000000018	0.28997560714035797
1.69632	0.7000000000000011	0.34894009354732086
1.69632	0.9000000000000004	0.3713790135346904
1.69632	1.1000000000000014	0.3666907951843687
1.69632	1.3000000000000007	0.34385705948647277
1.69632	1.5000000000000018	0.3117023719454217
1.69632	1.700000000000001	0.27606883852907993
1.69632	1.9000000000000004	0.24104632707156237
1.69632	2.1000000000000014	0.20850957716010052
1.69632	2.3000000000000007	0.17948175163985444
1.69632	2.5000000000000018	0.15419615335991957
1.69632	2.700000000000001	0.13248039817811608
1.69632	2.9000000000000004	0.11403779977711484
1.69632	3.1000000000000014	0.09843609608763557
1.69632	3.3000000000000007	0.08527645198494506
1.69632	3.5000000000000018	0.07417135069298104
1.69632	3.700000000000001	0.0647823530037734
1.69632	3.9000000000000004	0.05681458767849788
1.69632	4.100000000000001	0.05002457815286131
1.69632	4.300000000000001	0.04420775867533213
1.69632	4.500000000000002	0.039197725748380714
1.69632	4.700000000000001	0.034860016268798526
1.69632	4.9	0.031082936238029237
1.69632	5.100000000000001	0.02777913642601615
1.69632	5.300000000000001	0.02487515112841297
1.69632	5.500000000000002	0.022312307332980355
1.69632	5.700000000000001	0.02004232375037059
1.69632	5.9	0.018024780767385132
1.69632	6.1	0.01622701921847746
1.69632	6.3000000000000025	0.014620901873516105
1.69632	6.500000000000002	0.01318318108066904
1.69632	6.700000000000001	0.011893942304153774
1.69632	6.9	0.010736031818407848
1.69632	7.1	0.00969490085330524
1.69632	7.3000000000000025	0.00875768648514132
1.69632	7.500000000000002	0.007913339228082869
1.69632	7.700000000000001	0.007152091043073555
1.69632	7.9	0.006465318871961914
1.69632	8.1	0.005845463080944128
1.69632	8.300000000000002	0.005285726977691035
1.69632	8.500000000000002	0.004780130970015239
1.69632	8.700000000000001	0.004323296251910449
1.69632	8.9	0.003910414122712333
1.69632	9.100000000000003	0.0035371877499456926
1.69632	9.300000000000002	0.0031997448894693667
1.69632	9.500000000000002	0.0028946362097614846
1.69632	9.700000000000001	0.00261880270039828
1.69632	9.9	0.002369582117047493
1.69632	10.100000000000003	0.002144708981468369
1.88064	-10.1	-0.002038175535151105
1.88064	-9.9	-0.002251357367450716
1.88064	-9.7	-0.0024879084264246088
1.88064	-9.5	-0.002749901111422273
1.88064	-9.299999999999999	-0.0030398123709493266
1.88064	-9.1	-0.0033605125446399954
1.88064	-8.899999999999999	-0.00371529389032798
1.88064	-8.7	-0.004107824656571382
1.88064	-8.5	-0.004542237666703789
1.88064	-8.299999999999999	-0.0050231462127449545
1.88064	-8.1	-0.0055556823228964805
1.88064	-7.8999999999999995	-0.006145691208594394
1.88064	-7.699999999999999	-0.00679963208796657
1.88064	-7.5	-0.00752491387359078
1.88064	-7.299999999999999	-0.008329887803525502
1.88064	-7.1	-0.009224010494859818
1.88064	-6.8999999999999995	-0.010218330596683867
1.88064	-6.699999999999999	-0.011325225821650233
1.88064	-6.5	-0.012559430211935322
1.88064	-6.299999999999999	-0.01393788506541813
1.88064	-6.1	-0.015480436695623701
1.88064	-5.8999999999999995	-0.01721123204005235
1.88064	-5.699999999999999	-0.019157974344641476
1.88064	-5.499999999999999	-0.02135553084855293
1.88064	-5.299999999999999	-0.023844901817681643
1.88064	-5.1	-0.02667651048859202
1.88064	-4.8999999999999995	-0.029913856298645312
1.88064	-4.699999999999999	-0.0336321389692039
1.88064	-4.499999999999999	-0.03792967524215776
1.88064	-4.299999999999999	-0.04292344211935991
1.88064	-4.1	-0.04876205088392
1.88064	-3.8999999999999995	-0.05562956163340474
1.88064	-3.6999999999999993	-0.06375035644495598
1.88064	-3.499999999999999	-0.07339990405677511
1.88064	-3.299999999999999	-0.08490603660528563
1.88064	-3.0999999999999996	-0.09865856649922525
1.88064	-2.8999999999999995	-0.11508082638783754
1.88064	-2.6999999999999993	-0.13468121740376227
1.88064	-2.499999999999999	-0.15785980234843247
1.88064	-2.299999999999999	-0.18508661626697157
1.88064	-2.0999999999999996	-0.21654315279317993
1.88064	-1.8999999999999986	-0.2519741268220708
1.88064	-1.6999999999999993	-0.29061095466086645
1.88064	-1.5	-0.33006934652342956
1.88064	-1.299999999999999	-0.36649952047135465
1.88064	-1.0999999999999996	-0.39300669251383785
1.88064	-0.8999999999999986	-0.40059240982245936
1.88064	-0.6999999999999993	-0.3771621340303764
1.88064	-0.4999999999999982	-0.31457725246655294
1.88064	-0.29999999999999893	-0.21039704953906394
1.88064	-0.09999999999999964	-0.07343815781806252
1.88064	0.10000000000000142	0.0749522200167709
1.88064	0.3000000000000007	0.2110651641282853
1.88064	0.5000000000000018	0.3140885455282067
1.88064	0.7000000000000011	0.37681152609009266
1.88064	0.9000000000000004	0.3994599183558726
1.88064	1.1000000000000014	0.3926175997282068
1.88064	1.3000000000000007	0.36627058522879097
1.88064	1.5000000000000018	0.3301594522100986
1.88064	1.700000000000001	0.29064209554291826
1.88064	1.9000000000000004	0.2521394607887957
1.88064	2.1000000000000014	0.21662268885071848
1.88064	2.3000000000000007	0.18514691581129708
1.88064	2.5000000000000018	0.15791112689681175
1.88064	2.700000000000001	0.13468265620793538
1.88064	2.9000000000000004	0.11510029077516622
1.88064	3.1000000000000014	0.09866257588879218
1.88064	3.3000000000000007	0.0849098922885968
1.88064	3.5000000000000018	0.07340027950152105
1.88064	3.700000000000001	0.06375037025490059
1.88064	3.9000000000000004	0.05562789794903771
1.88064	4.100000000000001	0.04876087013277232
1.88064	4.300000000000001	0.04292200484386388
1.88064	4.500000000000002	0.03792798630048812
1.88064	4.700000000000001	0.033631886291473116
1.88064	4.9	0.029912489922987718
1.88064	5.100000000000001	0.02667604523840468
1.88064	5.300000000000001	0.023844177137334298
1.88064	5.500000000000002	0.02135495026637386
1.88064	5.700000000000001	0.019157818625519123
1.88064	5.9	0.017210797419935604
1.88064	6.1	0.015480324383723564
1.88064	6.3000000000000025	0.013937655070564091
1.88064	6.500000000000002	0.01255927208708958
1.88064	6.700000000000001	0.011325163222488558
1.88064	6.9	0.01021820490415571
1.88064	7.1	0.009223984995947197
1.88064	7.3000000000000025	0.008329815389390729
1.88064	7.500000000000002	0.007524868029323783
1.88064	7.700000000000001	0.006799607464693508
1.88064	7.9	0.006145650148884486
1.88064	8.1	0.005555676250856561
1.88064	8.300000000000002	0.005023119505329331
1.88064	8.500000000000002	0.004542222505931185
1.88064	8.700000000000001	0.004107814068266521
1.88064	8.9	0.003715282626729412
1.88064	9.100000000000003	0.0033605122907349318
1.88064	9.300000000000002	0.0030398100670494073
1.88064	9.500000000000002	0.002749901083554367
1.88064	9.700000000000001	0.002487908417391514
1.88064	9.9	0.002251357397770131
1.88064	10.100000000000003	0.00203817560596707
2.06496	-10.1	-0.0019490861099722891
2.06496	-9.9	-0.0021522719985605917
2.06496	-9.7	-0.0023780538559509167
2.06496	-9.5	-0.0026283272521488896
2.06496	-9.299999999999999	-0.0029053979893379936
2.06496	-9.1	-0.003211974395409409
2.06496	-8.899999999999999	-0.003551188913138262
2.06496	-8.7	-0.003926558753101968
2.06496	-8.5	-0.004342058057543922
2.06496	-8.299999999999999	-0.004802136075007846
2.06496	-8.1	-0.005311748677853614
2.06496	-7.8999999999999995	-0.005876557596376877
2.06496	-7.699999999999999	-0.006502826743933238
2.06496	-7.5	-0.007197767819149513
2.06496	-7.299999999999999	-0.007969533761712841
2.06496	-7.1	-0.008827384949093709
2.06496	-6.8999999999999995	-0.00978220417185847
2.06496	-6.699999999999999	-0.010846213708904394
2.06496	-6.5	-0.012034067709347195
2.06496	-6.299999999999999	-0.013362694491182842
2.06496	-6.1	-0.014852036115148346
2.06496	-5.8999999999999995	-0.01652657021764009
2.06496	-5.699999999999999	-0.0184144819798037
2.06496	-5.499999999999999	-0.02055161699777052
2.06496	-5.299999999999999	-0.022980346860361475
2.06496	-5.1	-0.025753173220440767
2.06496	-4.8999999999999995	-0.028936845756536576
2.06496	-4.699999999999999	-0.03261073620942051
2.06496	-4.499999999999999	-0.03687978353362154
2.06496	-4.299999999999999	-0.04186938483695605
2.06496	-4.1	-0.04774017513520358
2.06496	-3.8999999999999995	-0.05469260288226081
2.06496	-3.6999999999999993	-0.06297228214615862
2.06496	-3.499999999999999	-0.07288327829294046
2.06496	-3.299999999999999	-0.08478897874054263
2.06496	-3.0999999999999996	-0.09912419259216713
2.06496	-2.8999999999999995	-0.11636442198911542
2.06496	-2.6999999999999993	-0.137081703787998
2.06496	-2.499999999999999	-0.1617368922456108
2.06496	-2.299999999999999	-0.1908711393495768
2.06496	-2.0999999999999996	-0.2247222182138122
2.06496	-1.8999999999999986	-0.26305936197602536
2.06496	-1.6999999999999993	-0.30511666203732957
2.06496	-1.5	-0.3483611010338919
2.06496	-1.299999999999999	-0.38869853526980425
2.06496	-1.0999999999999996	-0.41865480388599347
2.06496	-0.8999999999999986	-0.42842996079667606
2.06496	-0.6999999999999993	-0.40469681084533343
2.06496	-0.4999999999999982	-0.3384231646010148
2.06496	-0.29999999999999893	-0.22674149172479321
2.06496	-0.09999999999999964	-0.07919497116565623
2.06496	0.10000000000000142	0.08086320294950193
2.06496	0.3000000000000007	0.22747763717137023
2.06496	0.5000000000000018	0.33787261488633447
2.06496	0.7000000000000011	0.4043094203894982
2.06496	0.9000000000000004	0.4271786588892854
2.06496	1.1000000000000014	0.4182345182788401
2.06496	1.3000000000000007	0.38845124672905024
2.06496	1.5000000000000018	0.34846912764827653
2.06496	1.700000000000001	0.3051511283669381
2.06496	1.9000000000000004	0.2632423514904944
2.06496	2.1000000000000014	0.22480859447349266
2.06496	2.3000000000000007	0.190936624732781
2.06496	2.5000000000000018	0.16179212417543784
2.06496	2.700000000000001	0.13708324678879313
2.06496	2.9000000000000004	0.11638529596542824
2.06496	3.1000000000000014	0.09912844165725371
2.06496	3.3000000000000007	0.08479306489614916
2.06496	3.5000000000000018	0.07288350312449152
2.06496	3.700000000000001	0.06297229041109606
2.06496	3.9000000000000004	0.054690595906646614
2.06496	4.100000000000001	0.04773879836083518
2.06496	4.300000000000001	0.041867708958754316
2.06496	4.500000000000002	0.03687784622343926
2.06496	4.700000000000001	0.03261044636474046
2.06496	4.9	0.028935299146768574
2.06496	5.100000000000001	0.025752652816414544
2.06496	5.300000000000001	0.0229795362848578
2.06496	5.500000000000002	0.02055097461902431
2.06496	5.700000000000001	0.018414309692616086
2.06496	5.9	0.01652609415197885
2.06496	6.1	0.014851914253358866
2.06496	6.3000000000000025	0.01336244496321765
2.06496	6.500000000000002	0.012033897788066938
2.06496	6.700000000000001	0.01084614644609325
2.06496	6.9	0.009782070429947363
2.06496	7.1	0.008827358090697943
2.06496	7.3000000000000025	0.007969457493358584
2.06496	7.500000000000002	0.007197720052432722
2.06496	7.700000000000001	0.006502801089265689
2.06496	7.9	0.005876515287590608
2.06496	8.1	0.0053117425360915006
2.06496	8.300000000000002	0.004802108999890029
2.06496	8.500000000000002	0.004342043354284942
2.06496	8.700000000000001	0.0039265484812865264
2.06496	8.9	0.0035511792492446065
2.06496	9.100000000000003	0.003211974218112677
2.06496	9.300000000000002	0.0029053963567099634
2.06496	9.500000000000002	0.0026283271859978384
2.06496	9.700000000000001	0.00237805383924019
2.06496	9.9	0.0021522720565648355
2.06496	10.100000000000003	0.0019490861849635183
2.24928	-10.1	-0.001873434198586928
2.24928	-9.9	-0.002067903722404829
2.24928	-9.7	-0.002284354349287599
2.24928	-9.5	-0.0025245179909969347
2.24928	-9.299999999999999	-0.0027905431242620385
2.24928	-9.1	-0.003084988825745013
2.24928	-8.899999999999999	-0.00341084223734459
2.24928	-8.7	-0.0037714857985332558
2.24928	-8.5	-0.0041707548595922945
2.24928	-8.299999999999999	-0.00461295779219888
2.24928	-8.1	-0.005102900126799272
2.24928	-7.8999999999999995	-0.005646087948596618
2.24928	-7.699999999999999	-0.006248619741294965
2.24928	-7.5	-0.006917541265454568
2.24928	-7.299999999999999	-0.00766083976900051
2.24928	-7.1	-0.008487613172476658
2.24928	-6.8999999999999995	-0.009408611261278508
2.24928	-6.699999999999999	-0.010435934301725987
2.24928	-6.5	-0.01158418567998028
2.24928	-6.299999999999999	-0.012870306294001582
2.24928	-6.1	-0.01431435250527306
2.24928	-5.8999999999999995	-0.015941136424324827
2.24928	-5.699999999999999	-0.01777931821891907
2.24928	-5.499999999999999	-0.01986568437206826
2.24928	-5.299999999999999	-0.02224391554166476
2.24928	-5.1	-0.024968485439560477
2.24928	-4.8999999999999995	-0.028109231602310703
2.24928	-4.699999999999999	-0.03174947545562365
2.24928	-4.499999999999999	-0.03600046881491528
2.24928	-4.299999999999999	-0.04099563520812328
2.24928	-4.1	-0.0469071337200101
2.24928	-3.8999999999999995	-0.05395122163326006
2.24928	-3.6999999999999993	-0.06239406310112008
2.24928	-3.499999999999999	-0.07256762796030695
2.24928	-3.299999999999999	-0.08487013200016236
2.24928	-3.0999999999999996	-0.09978072432539505
2.24928	-2.8999999999999995	-0.11782644307620674
2.24928	-2.6999999999999993	-0.13964235093704938
2.24928	-2.499999999999999	-0.16574943688823787
2.24928	-2.299999999999999	-0.19675910552711828
2.24928	-2.0999999999999996	-0.23296441717232738
2.24928	-1.8999999999999986	-0.2741583802250379
2.24928	-1.6999999999999993	-0.3195772482187739
2.24928	-1.5	-0.3665411516702181
2.24928	-1.299999999999999	-0.41071611972455974
2.24928	-1.0999999999999996	-0.44405772409881633
2.24928	-0.8999999999999986	-0.45597721003551034
2.24928	-0.6999999999999993	-0.4319303784306938
2.24928	-0.4999999999999982	-0.36200214680560483
2.24928	-0.29999999999999893	-0.24290092610225036
2.24928	-0.09999999999999964	-0.08488632188115934
2.24928	0.10000000000000142	0.08670698087258524
2.24928	0.3000000000000007	0.24370433354229945
2.24928	0.5000000000000018	0.3613901817178298
2.24928	0.7000000000000011	0.4315066245125725
2.24928	0.9000000000000004	0.4546084512634905
2.24928	1.1000000000000014	0.44360687308597996
2.24928	1.3000000000000007	0.4104508470460312
2.24928	1.5000000000000018	0.3666670057687177
2.24928	1.700000000000001	0.3196149775331309
2.24928	1.9000000000000004	0.27435869365737914
2.24928	2.1000000000000014	0.23305749020495103
2.24928	2.3000000000000007	0.19682966800988727
2.24928	2.5000000000000018	0.16580853607639148
2.24928	2.700000000000001	0.13964399934237506
2.24928	2.9000000000000004	0.11784874297997831
2.24928	3.1000000000000014	0.09978522030752958
2.24928	3.3000000000000007	0.0848744555894089
2.24928	3.5000000000000018	0.07256769508218104
2.24928	3.700000000000001	0.06239406556010877
2.24928	3.9000000000000004	0.05394886017067097
2.24928	4.100000000000001	0.046905557932397486
2.24928	4.300000000000001	0.04099371708763566
2.24928	4.500000000000002	0.03599828385652723
2.24928	4.700000000000001	0.03174914854747849
2.24928	4.9	0.02810750831929605
2.24928	5.100000000000001	0.024967911786111754
2.24928	5.300000000000001	0.022243022041484112
2.24928	5.500000000000002	0.01986498311026231
2.24928	5.700000000000001	0.017779130145615312
2.24928	5.9	0.015940621286741608
2.24928	6.1	0.01431422171070761
2.24928	6.3000000000000025	0.012870038504014003
2.24928	6.500000000000002	0.011584004797381886
2.24928	6.700000000000001	0.010435862706843522
2.24928	6.9	0.009408470066083544
2.24928	7.1	0.00848758505434539
2.24928	7.3000000000000025	0.007660759931089754
2.24928	7.500000000000002	0.0069174917118063
2.24928	7.700000000000001	0.006248593128806184
2.24928	7.9	0.005646044484980558
2.24928	8.1	0.0051028939423336875
2.24928	8.300000000000002	0.004612930455161323
2.24928	8.500000000000002	0.0041707407128398185
2.24928	8.700000000000001	0.0037714759132010806
2.24928	8.9	0.003410834004465365
2.24928	9.100000000000003	0.0030849886841577724
2.24928	9.300000000000002	0.002790541804550256
2.24928	9.500000000000002	0.0025245178815215775
2.24928	9.700000000000001	0.002284354329377392
2.24928	9.9	0.0020679038106375725
2.24928	10.100000000000003	0.001873434236036206
2.6179200000000002	-10.1	-0.0017465030944977772
2.6179200000000002	-9.9	-0.0019258344748486875
2.6179200000000002	-9.7	-0.002126223475665932
2.6179200000000002	-9.5	-0.002349104189378974
2.6179200000000002	-9.299999999999999	-0.0025963395903903282
2.6179200000000002	-9.1	-0.0028702157593853217
2.6179200000000002	-8.899999999999999	-0.0031734570445420022
2.6179200000000002	-8.7	-0.0035092035518229747
2.6179200000000002	-8.5	-0.0038810490923772752
2.6179200000000002	-8.299999999999999	-0.004293063774767788
2.6179200000000002	-8.1	-0.004749803071105396
2.6179200000000002	-7.8999999999999995	-0.005256517717193405
2.6179200000000002	-7.699999999999999	-0.005819036269154096
2.6179200000000002	-7.5	-0.006444137453691952
2.6179200000000002	-7.299999999999999	-0.007139545773231661
2.6179200000000002	-7.1	-0.007914106819681433
2.6179200000000002	-6.8999999999999995	-0.00877837784543353
2.6179200000000002	-6.699999999999999	-0.00974429188273965
2.6179200000000002	-6.5	-0.010826423582171533
2.6179200000000002	-6.299999999999999	-0.012041808806035253
2.6179200000000002	-6.1	-0.013410794375410241
2.6179200000000002	-5.8999999999999995	-0.014958900374969353
2.6179200000000002	-5.699999999999999	-0.016715762485223336
2.6179200000000002	-5.499999999999999	-0.01872002114435788
2.6179200000000002	-5.299999999999999	-0.021017906185508688
2.6179200000000002	-5.1	-0.023667685751168475
2.6179200000000002	-4.8999999999999995	-0.0267451091868649
2.6179200000000002	-4.699999999999999	-0.030341017882406642
2.6179200000000002	-4.499999999999999	-0.03457870946243002
2.6179200000000002	-4.299999999999999	-0.039606897400455504
2.6179200000000002	-4.1	-0.04561975933581574
2.6179200000000002	-3.8999999999999995	-0.05286393873997729
2.6179200000000002	-3.6999999999999993	-0.06164518057420791
2.6179200000000002	-3.499999999999999	-0.07234971222210397
2.6179200000000002	-3.299999999999999	-0.08544372356797587
2.6179200000000002	-3.0999999999999996	-0.10149357342106358
2.6179200000000002	-2.8999999999999995	-0.12112798560815216
2.6179200000000002	-2.6999999999999993	-0.14510686832823996
2.6179200000000002	-2.499999999999999	-0.1740701597935042
2.6179200000000002	-2.299999999999999	-0.20876812023794777
2.6179200000000002	-2.0999999999999996	-0.24960228404164747
2.6179200000000002	-1.8999999999999986	-0.29641150997690663
2.6179200000000002	-1.6999999999999993	-0.34843464439433997
2.6179200000000002	-1.5	-0.4027013121713
2.6179200000000002	-1.299999999999999	-0.4544058106766142
2.6179200000000002	-1.0999999999999996	-0.49438149160201555
2.6179200000000002	-0.8999999999999986	-0.5104881022113062
2.6179200000000002	-0.6999999999999993	-0.48578231176045744
2.6179200000000002	-0.4999999999999982	-0.4086078922194422
2.6179200000000002	-0.29999999999999893	-0.27483393307802734
2.6179200000000002	-0.09999999999999964	-0.09613211061970878
2.6179200000000002	0.10000000000000142	0.09825364029202577
2.6179200000000002	0.3000000000000007	0.27577010659098594
2.6179200000000002	0.5000000000000018	0.4078743116893613
2.6179200000000002	0.7000000000000011	0.4852867981351511
2.6179200000000002	0.9000000000000004	0.5088875538975177
2.6179200000000002	1.1000000000000014	0.4938707427043299
2.6179200000000002	1.3000000000000007	0.4541052951540806
2.6179200000000002	1.5000000000000018	0.40286245698663803
2.6179200000000002	1.700000000000001	0.3484787629235699
2.6179200000000002	1.9000000000000004	0.2966457451864339
2.6179200000000002	2.1000000000000014	0.24970847218361364
2.6179200000000002	2.3000000000000007	0.20884862582453356
2.6179200000000002	2.5000000000000018	0.1741369405490386
2.6179200000000002	2.700000000000001	0.14510873112471784
2.6179200000000002	2.9000000000000004	0.12115318581529777
2.6179200000000002	3.1000000000000014	0.10149857612223791
2.6179200000000002	3.3000000000000007	0.08544853442944171
2.6179200000000002	3.5000000000000018	0.0723494376838978
2.6179200000000002	3.700000000000001	0.06164517046634198
2.6179200000000002	3.9000000000000004	0.05286083864313576
2.6179200000000002	4.100000000000001	0.045617779960402983
2.6179200000000002	4.300000000000001	0.03960448801180848
2.6179200000000002	4.500000000000002	0.034576034449475636
2.6179200000000002	4.700000000000001	0.030340617627862474
2.6179200000000002	4.9	0.026743043338151428
2.6179200000000002	5.100000000000001	0.023667010441485954
2.6179200000000002	5.300000000000001	0.021016854378486514
2.6179200000000002	5.500000000000002	0.018719208642547176
2.6179200000000002	5.700000000000001	0.016715544583344823
2.6179200000000002	5.9	0.014958311869983702
2.6179200000000002	6.1	0.013410646864867466
2.6179200000000002	6.3000000000000025	0.012041506839689218
2.6179200000000002	6.500000000000002	0.010826222189017362
2.6179200000000002	6.700000000000001	0.009744212173215949
2.6179200000000002	6.9	0.008778222646071181
2.6179200000000002	7.1	0.007914076320273872
2.6179200000000002	7.3000000000000025	0.0071394591899496505
2.6179200000000002	7.500000000000002	0.006444084484920206
2.6179200000000002	7.700000000000001	0.005819007827762185
2.6179200000000002	7.9	0.005256472084785614
2.6179200000000002	8.1	0.004749796846403892
2.6179200000000002	8.300000000000002	0.004293036187669084
2.6179200000000002	8.500000000000002	0.003881036208482612
2.6179200000000002	8.700000000000001	0.0035091945548673883
2.6179200000000002	8.9	0.003173450817524659
2.6179200000000002	9.100000000000003	0.002870215600107043
2.6179200000000002	9.300000000000002	0.0025963382417800653
2.6179200000000002	9.500000000000002	0.002349104044810096
2.6179200000000002	9.700000000000001	0.0021262234974907786
2.6179200000000002	9.9	0.0019258345914915551
2.6179200000000002	10.100000000000003	0.0017465028218576638
2.9865600000000003	-10.1	-0.0016370337814940721
2.9865600000000003	-9.9	-0.0018030077050416751
2.9865600000000003	-9.7	-0.0019893793884047744
2.9865600000000003	-9.5	-0.0021973169322444933
2.9865600000000003	-9.299999999999999	-0.002428427670283847
2.9865600000000003	-9.1	-0.0026847505156658734
2.9865600000000003	-8.899999999999999	-0.002968773253958856
2.9865600000000003	-8.7	-0.0032834146370441437
2.9865600000000003	-8.5	-0.0036320561989855566
2.9865600000000003	-8.299999999999999	-0.004018565471968301
2.9865600000000003	-8.1	-0.004447292196893425
2.9865600000000003	-7.8999999999999995	-0.0049232822324552184
2.9865600000000003	-7.699999999999999	-0.005452150600447425
2.9865600000000003	-7.5	-0.006040469809902899
2.9865600000000003	-7.299999999999999	-0.006695766824015535
2.9865600000000003	-7.1	-0.0074267048865834856
2.9865600000000003	-6.8999999999999995	-0.008243721553793461
2.9865600000000003	-6.699999999999999	-0.009158660065361491
2.9865600000000003	-6.5	-0.010186143540615727
2.9865600000000003	-6.299999999999999	-0.011343380389850184
2.9865600000000003	-6.1	-0.012651082714947736
2.9865600000000003	-5.8999999999999995	-0.014135537653150242
2.9865600000000003	-5.699999999999999	-0.01582740903002018
2.9865600000000003	-5.499999999999999	-0.017767201242572462
2.9865600000000003	-5.299999999999999	-0.020003672225645894
2.9865600000000003	-5.1	-0.02259879597194062
2.9865600000000003	-4.8999999999999995	-0.025634040660694562
2.9865600000000003	-4.699999999999999	-0.029207473566336142
2.9865600000000003	-4.499999999999999	-0.03345394505767955
2.9865600000000003	-4.299999999999999	-0.038536790679898826
2.9865600000000003	-4.1	-0.04467126002308382
2.9865600000000003	-3.8999999999999995	-0.05213322798664565
2.9865600000000003	-3.6999999999999993	-0.06126654433727221
2.9865600000000003	-3.499999999999999	-0.0725101976971579
2.9865600000000003	-3.299999999999999	-0.0863966951673586
2.9865600000000003	-3.0999999999999996	-0.10357822985373513
2.9865600000000003	-2.8999999999999995	-0.12478397329760421
2.9865600000000003	-2.6999999999999993	-0.15089776197376698
2.9865600000000003	-2.499999999999999	-0.18267748418608026
2.9865600000000003	-2.299999999999999	-0.22101110211483566
2.9865600000000003	-2.0999999999999996	-0.266406939209457
2.9865600000000003	-1.8999999999999986	-0.31874826804239814
2.9865600000000003	-1.6999999999999993	-0.37727463350532625
2.9865600000000003	-1.5	-0.43872740322685205
2.9865600000000003	-1.299999999999999	-0.49783469295580846
2.9865600000000003	-1.0999999999999996	-0.5443227364397721
2.9865600000000003	-0.8999999999999986	-0.5645217890733732
2.9865600000000003	-0.6999999999999993	-0.5391211010153801
2.9865600000000003	-0.4999999999999982	-0.4547463551848666
2.9865600000000003	-0.29999999999999893	-0.3064374705521342
2.9865600000000003	-0.09999999999999964	-0.1072606357539647
2.9865600000000003	0.10000000000000142	0.10967931950211211
2.9865600000000003	0.3000000000000007	0.30750477010037375
2.9865600000000003	0.5000000000000018	0.4538924878794076
2.9865600000000003	0.7000000000000011	0.538554734886655
2.9865600000000003	0.9000000000000004	0.5626923815517217
2.9865600000000003	1.1000000000000014	0.5437530715965679
2.9865600000000003	1.3000000000000007	0.49749951234354794
2.9865600000000003	1.5000000000000018	0.4389233840933721
2.9865600000000003	1.700000000000001	0.3773250198015525
2.9865600000000003	1.9000000000000004	0.3190157802425797
2.9865600000000003	2.1000000000000014	0.2665260247244752
2.9865600000000003	2.3000000000000007	0.22110138572761473
2.9865600000000003	2.5000000000000018	0.18275193066591533
2.9865600000000003	2.700000000000001	0.15089984332896417
2.9865600000000003	2.9000000000000004	0.12481213017377185
2.9865600000000003	3.1000000000000014	0.1035837478102575
2.9865600000000003	3.3000000000000007	0.08640200154176189
2.9865600000000003	3.5000000000000018	0.07250954544346365
2.9865600000000003	3.700000000000001	0.06126652035486563
2.9865600000000003	3.9000000000000004	0.05212935531016963
2.9865600000000003	4.100000000000001	0.04466887200911368
2.9865600000000003	4.300000000000001	0.038533883849572216
2.9865600000000003	4.500000000000002	0.03345078724387502
2.9865600000000003	4.700000000000001	0.029207001056771882
2.9865600000000003	4.9	0.025631644500760165
2.9865600000000003	5.100000000000001	0.02259802410979343
2.9865600000000003	5.300000000000001	0.02000247004571388
2.9865600000000003	5.500000000000002	0.01776628388544228
2.9865600000000003	5.700000000000001	0.01582716299642108
2.9865600000000003	5.9	0.014134880119894376
2.9865600000000003	6.1	0.012650919480941216
2.9865600000000003	6.3000000000000025	0.011343046240300575
2.9865600000000003	6.500000000000002	0.010185922730802283
2.9865600000000003	6.700000000000001	0.009158572650787306
2.9865600000000003	6.9	0.008243552951658906
2.9865600000000003	7.1	0.007426672089230564
2.9865600000000003	7.3000000000000025	0.006695673727640773
2.9865600000000003	7.500000000000002	0.006040413498751899
2.9865600000000003	7.700000000000001	0.005452120367572618
2.9865600000000003	7.9	0.004923234572672546
2.9865600000000003	8.1	0.004447285951445348
2.9865600000000003	8.300000000000002	0.0040185379345631265
2.9865600000000003	8.500000000000002	0.003632044529280013
2.9865600000000003	8.700000000000001	0.003283406513166294
2.9865600000000003	8.9	0.0029687677782949135
2.9865600000000003	9.100000000000003	0.0026847502721640843
2.9865600000000003	9.300000000000002	0.002428425957299489
2.9865600000000003	9.500000000000002	0.0021973168932173178
2.9865600000000003	9.700000000000001	0.001989379522271695
2.9865600000000003	9.9	0.0018030077024499234
2.9865600000000003	10.100000000000003	0.001637032707372486
3.3552000000000004	-10.1	-0.0015383589157276873
3.3552000000000004	-9.9	-0.0016922651767129532
3.3552000000000004	-9.7	-0.001866098339244181
3.3552000000000004	-9.5	-0.0020607878711339546
3.3552000000000004	-9.299999999999999	-0.0022777107967751364
3.3552000000000004	-9.1	-0.002518682003899305
3.3552000000000004	-8.899999999999999	-0.002785974890776392
3.3552000000000004	-8.7	-0.0030823029408013495
3.3552000000000004	-8.5	-0.0034108556340735263
3.3552000000000004	-8.299999999999999	-0.0037753209088149304
3.3552000000000004	-8.1	-0.004179873099353981
3.3552000000000004	-7.8999999999999995	-0.004629388352223357
3.3552000000000004	-7.699999999999999	-0.005129308688553991
3.3552000000000004	-7.5	-0.005686043910606933
3.3552000000000004	-7.299999999999999	-0.006306970019891564
3.3552000000000004	-7.1	-0.007000617415219158
3.3552000000000004	-6.8999999999999995	-0.007777354813043099
3.3552000000000004	-6.699999999999999	-0.008648989149844325
3.3552000000000004	-6.5	-0.00963024427962247
3.3552000000000004	-6.299999999999999	-0.010738552740207064
3.3552000000000004	-6.1	-0.011995040148791705
3.3552000000000004	-5.8999999999999995	-0.013426796879159876
3.3552000000000004	-5.699999999999999	-0.015065544786035544
3.3552000000000004	-5.499999999999999	-0.016953652120320663
3.3552000000000004	-5.299999999999999	-0.019142382180956163
3.3552000000000004	-5.1	-0.021697346159925253
3.3552000000000004	-4.8999999999999995	-0.024705592623656025
3.3552000000000004	-4.699999999999999	-0.028272209829097856
3.3552000000000004	-4.499999999999999	-0.03254326434418755
3.3552000000000004	-4.299999999999999	-0.03769626364015697
3.3552000000000004	-4.1	-0.04396689215845333
3.3552000000000004	-3.8999999999999995	-0.05165947998932104
3.3552000000000004	-3.6999999999999993	-0.061154977008231456
3.3552000000000004	-3.499999999999999	-0.07294412106074157
3.3552000000000004	-3.299999999999999	-0.08762459918343651
3.3552000000000004	-3.0999999999999996	-0.10593352820619426
3.3552000000000004	-2.8999999999999995	-0.12869973705785126
3.3552000000000004	-2.6999999999999993	-0.15693048600615792
3.3552000000000004	-2.499999999999999	-0.19150107274544742
3.3552000000000004	-2.299999999999999	-0.2334365825254286
3.3552000000000004	-2.0999999999999996	-0.2833511652719662
3.3552000000000004	-1.8999999999999986	-0.341171661741365
3.3552000000000004	-1.6999999999999993	-0.40613702917954986
3.3552000000000004	-1.5	-0.4747016164118157
3.3552000000000004	-1.299999999999999	-0.5411303393678204
3.3552000000000004	-1.0999999999999996	-0.5940514353587069
3.3552000000000004	-0.8999999999999986	-0.618279117581942
3.3552000000000004	-0.6999999999999993	-0.5921555702644946
3.3552000000000004	-0.4999999999999982	-0.5006034330394515
3.3552000000000004	-0.29999999999999893	-0.33784082422381
3.3552000000000004	-0.09999999999999964	-0.11831769216599962
3.3552000000000004	0.10000000000000142	0.12103110528221109
3.3552000000000004	0.3000000000000007	0.3390381798488995
3.3552000000000004	0.5000000000000018	0.4996302225589524
3.3552000000000004	0.7000000000000011	0.5915189442566653
3.3552000000000004	0.9000000000000004	0.6162227650694342
3.3552000000000004	1.1000000000000014	0.5934234280331139
3.3552000000000004	1.3000000000000007	0.5407608310801051
3.3552000000000004	1.5000000000000018	0.474932097030459
3.3552000000000004	1.700000000000001	0.4061936068806488
3.3552000000000004	1.9000000000000004	0.3414720455150968
3.3552000000000004	2.1000000000000014	0.28348302165049044
3.3552000000000004	2.3000000000000007	0.23353654825024828
3.3552000000000004	2.5000000000000018	0.19158318731894222
3.3552000000000004	2.700000000000001	0.15693278904663138
3.3552000000000004	2.9000000000000004	0.12873089289731493
3.3552000000000004	3.1000000000000014	0.10593956528690598
3.3552000000000004	3.3000000000000007	0.08763040481371949
3.3552000000000004	3.5000000000000018	0.07294306159940726
3.3552000000000004	3.700000000000001	0.06115493807707772
3.3552000000000004	3.9000000000000004	0.05165481030414002
3.3552000000000004	4.100000000000001	0.04396409258699738
3.3552000000000004	4.300000000000001	0.03769285580143788
3.3552000000000004	4.500000000000002	0.03253962911128665
3.3552000000000004	4.700000000000001	0.02827166588308216
3.3552000000000004	4.9	0.024702874273729875
3.3552000000000004	5.100000000000001	0.021696481023399296
3.3552000000000004	5.300000000000001	0.019141034709165016
3.3552000000000004	5.500000000000002	0.016952633988311015
3.3552000000000004	5.700000000000001	0.015065271701111818
3.3552000000000004	5.9	0.013426073172582797
3.3552000000000004	6.1	0.011994861884088553
3.3552000000000004	6.3000000000000025	0.01073818777842969
3.3552000000000004	6.500000000000002	0.009630004844646578
3.3552000000000004	6.700000000000001	0.008648894323619294
3.3552000000000004	6.9	0.007777173284605091
3.3552000000000004	7.1	0.007000582399079441
3.3552000000000004	7.3000000000000025	0.006306870621682431
3.3552000000000004	7.500000000000002	0.005685984364275926
3.3552000000000004	7.700000000000001	0.005129276714474391
3.3552000000000004	7.9	0.004629338886265797
3.3552000000000004	8.1	0.004179866841119299
3.3552000000000004	8.300000000000002	0.003775293648378476
3.3552000000000004	8.500000000000002	0.0034108448839242017
3.3552000000000004	8.700000000000001	0.0030822954916988905
3.3552000000000004	8.9	0.0027859691795422735
3.3552000000000004	9.100000000000003	0.0025186816718807854
3.3552000000000004	9.300000000000002	0.0022777088005090556
3.3552000000000004	9.500000000000002	0.002060788074223212
3.3552000000000004	9.700000000000001	0.0018660985865836155
3.3552000000000004	9.9	0.00169226477073107
3.3552000000000004	10.100000000000003	0.001538356399386818
3.7238400000000005	-10.1	-0.001449958445997888
3.7238400000000005	-9.9	-0.0015930492493973932
3.7238400000000005	-9.7	-0.0017557514827704452
3.7238400000000005	-9.5	-0.0019387799126083407
3.7238400000000005	-9.299999999999999	-0.0021433038659192704
3.7238400000000005	-9.1	-0.002370936516149956
3.7238400000000005	-8.899999999999999	-0.002623757848694694
3.7238400000000005	-8.7	-0.0029042924237200067
3.7238400000000005	-8.5	-0.003215554509239172
3.7238400000000005	-8.299999999999999	-0.0035610690965153
3.7238400000000005	-8.1	-0.0039448574151126035
3.7238400000000005	-7.8999999999999995	-0.004371651662381322
3.7238400000000005	-7.699999999999999	-0.0048467514239957255
3.7238400000000005	-7.5	-0.0053764359136522916
3.7238400000000005	-7.299999999999999	-0.005967964027402341
3.7238400000000005	-7.1	-0.006629768009348714
3.7238400000000005	-6.8999999999999995	-0.007372181332414956
3.7238400000000005	-6.699999999999999	-0.008207008368616639
3.7238400000000005	-6.5	-0.009149103155558726
3.7238400000000005	-6.299999999999999	-0.010216148215246091
3.7238400000000005	-6.1	-0.011429701667014167
3.7238400000000005	-5.8999999999999995	-0.012817663335109928
3.7238400000000005	-5.699999999999999	-0.014412809122772636
3.7238400000000005	-5.499999999999999	-0.016259342482772794
3.7238400000000005	-5.299999999999999	-0.018410982682291764
3.7238400000000005	-5.1	-0.02093689504891269
3.7238400000000005	-4.8999999999999995	-0.02392957999730735
3.7238400000000005	-4.699999999999999	-0.02750097542743359
3.7238400000000005	-4.499999999999999	-0.03180811542403344
3.7238400000000005	-4.299999999999999	-0.037042365316814575
3.7238400000000005	-4.1	-0.04345942103531947
3.7238400000000005	-3.8999999999999995	-0.05139156093676406
3.7238400000000005	-3.6999999999999993	-0.061256181081307134
3.7238400000000005	-3.499999999999999	-0.07359510605196572
3.7238400000000005	-3.299999999999999	-0.0890704445112096
3.7238400000000005	-3.0999999999999996	-0.10850363109854386
3.7238400000000005	-2.8999999999999995	-0.13282262467649172
3.7238400000000005	-2.6999999999999993	-0.16315778143487675
3.7238400000000005	-2.499999999999999	-0.2005014539179646
3.7238400000000005	-2.299999999999999	-0.2460154593553578
3.7238400000000005	-2.0999999999999996	-0.3004191246680874
3.7238400000000005	-1.8999999999999986	-0.3636822789658737
3.7238400000000005	-1.6999999999999993	-0.4350424549316808
3.7238400000000005	-1.5	-0.5106678075559635
3.7238400000000005	-1.299999999999999	-0.5843620852416064
3.7238400000000005	-1.0999999999999996	-0.643661532125696
3.7238400000000005	-0.8999999999999986	-0.6718731384532418
3.7238400000000005	-0.6999999999999993	-0.6450052260062246
3.7238400000000005	-0.4999999999999982	-0.5462871339691008
3.7238400000000005	-0.29999999999999893	-0.3691198981278786
3.7238400000000005	-0.09999999999999964	-0.1293302590274669
3.7238400000000005	0.10000000000000142	0.13233683742548105
3.7238400000000005	0.3000000000000007	0.37044661964056247
3.7238400000000005	0.5000000000000018	0.5451951813170925
3.7238400000000005	0.7000000000000011	0.6442987220342404
3.7238400000000005	0.9000000000000004	0.6695910745615266
3.7238400000000005	1.1000000000000014	0.6429755602729607
3.7238400000000005	1.3000000000000007	0.5839584716599812
3.7238400000000005	1.5000000000000018	0.5109325787293282
3.7238400000000005	1.700000000000001	0.4351051741622613
3.7238400000000005	1.9000000000000004	0.3640152695159869
3.7238400000000005	2.1000000000000014	0.30056366587623917
3.7238400000000005	2.3000000000000007	0.24612504196594884
3.7238400000000005	2.5000000000000018	0.20059123713346683
3.7238400000000005	2.700000000000001	0.16316030835801265
3.7238400000000005	2.9000000000000004	0.13285680921987852
3.7238400000000005	3.1000000000000014	0.10851018960195914
3.7238400000000005	3.3000000000000007	0.08907675161283865
3.7238400000000005	3.5000000000000018	0.0735936185757228
3.7238400000000005	3.700000000000001	0.06125612643412131
3.7238400000000005	3.9000000000000004	0.051386079423526604
3.7238400000000005	4.100000000000001	0.043456208970569295
3.7238400000000005	4.300000000000001	0.03703845533558408
3.7238400000000005	4.500000000000002	0.03180400633298189
3.7238400000000005	4.700000000000001	0.027500360595059756
3.7238400000000005	4.9	0.023926543716678808
3.7238400000000005	5.100000000000001	0.020935938255869948
3.7238400000000005	5.300000000000001	0.018409492410400945
3.7238400000000005	5.500000000000002	0.016258225709794242
3.7238400000000005	5.700000000000001	0.014412509551424424
3.7238400000000005	5.9	0.012816875218225414
3.7238400000000005	6.1	0.011429508880681402
3.7238400000000005	6.3000000000000025	0.01021575344352568
3.7238400000000005	6.500000000000002	0.009148845791766164
3.7238400000000005	6.700000000000001	0.008206906398933187
3.7238400000000005	6.9	0.007371987421116331
3.7238400000000005	7.1	0.006629730885360725
3.7238400000000005	7.3000000000000025	0.005967858619599573
3.7238400000000005	7.500000000000002	0.005376373334793323
3.7238400000000005	7.700000000000001	0.00484671780511988
3.7238400000000005	7.9	0.004371600713854115
3.7238400000000005	8.1	0.0039448511598284474
3.7238400000000005	8.300000000000002	0.003561042254169732
3.7238400000000005	8.500000000000002	0.003215544216913097
3.7238400000000005	8.700000000000001	0.002904285314578746
3.7238400000000005	8.9	0.0026237513575252977
3.7238400000000005	9.100000000000003	0.002370936147593146
3.7238400000000005	9.300000000000002	0.00214330189471091
3.7238400000000005	9.500000000000002	0.0019387804197452088
3.7238400000000005	9.700000000000001	0.001755751723102987
3.7238400000000005	9.9	0.0015930480293718866
3.7238400000000005	10.100000000000003	0.0014499537873202465
4.09248	-10.1	-0.0013725962822449238
4.09248	-9.9	-0.0015061495096933338
4.09248	-9.7	-0.0016591268451457812
4.09248	-9.5	-0.0018320488489455956
4.09248	-9.299999999999999	-0.0020258971479232006
4.09248	-9.1	-0.0022421046058425397
4.09248	-8.899999999999999	-0.0024825777563836056
4.09248	-8.7	-0.0027496694975484752
4.09248	-8.5	-0.003046233403707783
4.09248	-8.299999999999999	-0.003375643303392967
4.09248	-8.1	-0.00374178294491717
4.09248	-7.8999999999999995	-0.004149258336876616
4.09248	-7.699999999999999	-0.004603248596645623
4.09248	-7.5	-0.005109924636664156
4.09248	-7.299999999999999	-0.005676451117739169
4.09248	-7.1	-0.006311183955634442
4.09248	-6.8999999999999995	-0.0070244398902451904
4.09248	-6.699999999999999	-0.007828037133551001
4.09248	-6.5	-0.008736969199451657
4.09248	-6.299999999999999	-0.009769171619936729
4.09248	-6.1	-0.010946627929310778
4.09248	-5.8999999999999995	-0.012298026757653882
4.09248	-5.699999999999999	-0.01385716363712005
4.09248	-5.499999999999999	-0.015670022644107367
4.09248	-5.299999999999999	-0.01779270518488703
4.09248	-5.1	-0.020297833869634997
4.09248	-4.8999999999999995	-0.023283239677271052
4.09248	-4.699999999999999	-0.026867566756338026
4.09248	-4.499999999999999	-0.03121864281804423
4.09248	-4.299999999999999	-0.03654149357835223
4.09248	-4.1	-0.04311158640257222
4.09248	-3.8999999999999995	-0.0512888715427766
4.09248	-3.6999999999999993	-0.06152683800632495
4.09248	-3.499999999999999	-0.07441803156172659
4.09248	-3.299999999999999	-0.09068854610295755
4.09248	-3.0999999999999996	-0.1112437805941267
4.09248	-2.8999999999999995	-0.13711050684592282
4.09248	-2.6999999999999993	-0.16954197429500714
4.09248	-2.499999999999999	-0.20964736016512545
4.09248	-2.299999999999999	-0.2587249281949504
4.09248	-2.0999999999999996	-0.31759873988715587
4.09248	-1.8999999999999986	-0.38628120355235807
4.09248	-1.6999999999999993	-0.46400794602075607
4.09248	-1.5	-0.5466614428784624
4.09248	-1.299999999999999	-0.6275856789045767
4.09248	-1.0999999999999996	-0.6932285029239803
4.09248	-0.8999999999999986	-0.7253948958670717
4.09248	-0.6999999999999993	-0.6977666318589492
4.09248	-0.4999999999999982	-0.5918850603629231
4.09248	-0.29999999999999893	-0.4003364251960962
4.09248	-0.09999999999999964	-0.14032029771412602
4.09248	0.10000000000000142	0.1436192019728132
4.09248	0.3000000000000007	0.40179214218248593
4.09248	0.5000000000000018	0.5906746547231332
4.09248	0.7000000000000011	0.6969904546398095
4.09248	0.9000000000000004	0.7228877818474617
4.09248	1.1000000000000014	0.6924848016048287
4.09248	1.3000000000000007	0.6271480983346851
4.09248	1.5000000000000018	0.5469604133342003
4.09248	1.700000000000001	0.4640767778137888
4.09248	1.9000000000000004	0.38664664708445695
4.09248	2.1000000000000014	0.3177559082684002
4.09248	2.3000000000000007	0.2588440839806738
4.09248	2.5000000000000018	0.2097448082895534
4.09248	2.700000000000001	0.16954472651755967
4.09248	2.9000000000000004	0.1371477392889136
4.09248	3.1000000000000014	0.11125086203798984
4.09248	3.3000000000000007	0.09069535612414455
4.09248	3.5000000000000018	0.0744161033647609
4.09248	3.700000000000001	0.0615267671620431
4.09248	3.9000000000000004	0.05128257193518453
4.09248	4.100000000000001	0.04310796268616649
4.09248	4.300000000000001	0.036537082501643836
4.09248	4.500000000000002	0.031214061932474283
4.09248	4.700000000000001	0.026866881366392165
4.09248	4.9	0.023279886417795354
4.09248	5.100000000000001	0.020296785592478078
4.09248	5.300000000000001	0.017791072352203976
4.09248	5.500000000000002	0.015668807658070816
4.09248	5.700000000000001	0.013856837694131208
4.09248	5.9	0.012297175033125116
4.09248	6.1	0.010946420965593671
4.09248	6.3000000000000025	0.009768747713990684
4.09248	6.500000000000002	0.008736694521782008
4.09248	6.700000000000001	0.007827928270080699
4.09248	6.9	0.007024234207440984
4.09248	7.1	0.0063111448645521715
4.09248	7.3000000000000025	0.005676340069121452
4.09248	7.500000000000002	0.005109859317466542
4.09248	7.700000000000001	0.00460321347334867
4.09248	7.9	0.004149206313287729
4.09248	8.1	0.0037417767176811546
4.09248	8.300000000000002	0.0033756169237158413
4.09248	8.500000000000002	0.0030462229820222416
4.09248	8.700000000000001	0.0027496622859150403
4.09248	8.9	0.002482570397159401
4.09248	9.100000000000003	0.0022421043031057995
4.09248	9.300000000000002	0.002025895664456029
4.09248	9.500000000000002	0.001832049628612448
4.09248	9.700000000000001	0.0016591268254924994
4.09248	9.9	0.0015061469497685592
4.09248	10.100000000000003	0.0013725887608679363
4.82976	-10.1	-0.0012605147295427716
4.82976	-9.9	-0.0013778028481930956
4.82976	-9.7	-0.0015144870653569277
4.82976	-9.5	-0.0016707396350640143
4.82976	-9.299999999999999	-0.0018472080230920453
4.82976	-9.1	-0.0020450056755459433
4.82976	-8.899999999999999	-0.0022657348373181885
4.82976	-8.7	-0.0025114520860517273
4.82976	-8.5	-0.002784735756740403
4.82976	-8.299999999999999	-0.0030887038555554697
4.82976	-8.1	-0.0034270129607231526
4.82976	-7.8999999999999995	-0.00380406936137215
4.82976	-7.699999999999999	-0.004224872605592782
4.82976	-7.5	-0.004695444198035776
4.82976	-7.299999999999999	-0.005222833538015109
4.82976	-7.1	-0.005815319947296861
4.82976	-6.8999999999999995	-0.006483261601185091
4.82976	-6.699999999999999	-0.00723858042775773
4.82976	-6.5	-0.008096617012650005
4.82976	-6.299999999999999	-0.009075874470470613
4.82976	-6.1	-0.010199235778742207
4.82976	-5.8999999999999995	-0.011496990469885164
4.82976	-5.699999999999999	-0.013004976714724401
4.82976	-5.499999999999999	-0.014772693107097733
4.82976	-5.299999999999999	-0.016860916573327833
4.82976	-5.1	-0.019349026087308773
4.82976	-4.8999999999999995	-0.022345267195211828
4.82976	-4.699999999999999	-0.025981361881077806
4.82976	-4.499999999999999	-0.030446250322734805
4.82976	-4.299999999999999	-0.03597167972157243
4.82976	-4.1	-0.042871875343594365
4.82976	-3.8999999999999995	-0.05156120254461431
4.82976	-3.6999999999999993	-0.06256416418412272
4.82976	-3.499999999999999	-0.07657355545798111
4.82976	-3.299999999999999	-0.09444209269105257
4.82976	-3.0999999999999996	-0.11724201558910398
4.82976	-2.8999999999999995	-0.14619670001323515
4.82976	-2.6999999999999993	-0.18280444402469823
4.82976	-2.499999999999999	-0.22840696427457116
4.82976	-2.299999999999999	-0.2845739008098257
4.82976	-2.0999999999999996	-0.35233622385714497
4.82976	-1.8999999999999986	-0.431788775126776
4.82976	-1.6999999999999993	-0.522159763963914
4.82976	-1.5	-0.6187607268665807
4.82976	-1.299999999999999	-0.7140201125816493
4.82976	-1.0999999999999996	-0.7922223572266661
4.82976	-0.8999999999999986	-0.8321889413797976
4.82976	-0.6999999999999993	-0.8029772031503567
4.82976	-0.4999999999999982	-0.6827736337465161
4.82976	-0.29999999999999893	-0.46254394834262047
4.82976	-0.09999999999999964	-0.16221896833507077
4.82976	0.10000000000000142	0.1660993685262135
4.82976	0.3000000000000007	0.4642562637131791
4.82976	0.5000000000000018	0.6813273458091756
4.82976	0.7000000000000011	0.8020624743714199
4.82976	0.9000000000000004	0.8292342948134389
4.82976	1.1000000000000014	0.791364188638271
4.82976	1.3000000000000007	0.7135151815134745
4.82976	1.5000000000000018	0.619127677787903
4.82976	1.700000000000001	0.5222406891290307
4.82976	1.9000000000000004	0.432218425111696
4.82976	2.1000000000000014	0.35251840598224715
4.82976	2.3000000000000007	0.28471202053667055
4.82976	2.5000000000000018	0.22851974565896574
4.82976	2.700000000000001	0.18280765349582445
4.82976	2.9000000000000004	0.14624011822994767
4.82976	3.1000000000000014	0.11725016329157692
4.82976	3.3000000000000007	0.09444992813858813
4.82976	3.5000000000000018	0.07657071626988725
4.82976	3.700000000000001	0.06256405984655024
4.82976	3.9000000000000004	0.05155324242630678
4.82976	4.100000000000001	0.04286742639310942
4.82976	4.300000000000001	0.03596626412376349
4.82976	4.500000000000002	0.03044073058340475
4.82976	4.700000000000001	0.02598053609925334
4.82976	4.9	0.022341286476285062
4.82976	5.100000000000001	0.019347797598018333
4.82976	5.300000000000001	0.016859002918671824
4.82976	5.500000000000002	0.01477128587560156
4.82976	5.700000000000001	0.01300459918145182
4.82976	5.9	0.011496015177253648
4.82976	6.1	0.010199001448169388
4.82976	6.3000000000000025	0.009075394325499067
4.82976	6.500000000000002	0.008096309125682826
4.82976	6.700000000000001	0.007238458379547705
4.82976	6.9	0.0064830335192353076
4.82976	7.1	0.005815277152926402
4.82976	7.3000000000000025	0.005222711828180046
4.82976	7.500000000000002	0.004695373917000617
4.82976	7.700000000000001	0.004224834752831759
4.82976	7.9	0.0038040155509322213
4.82976	8.1	0.003427006745311364
4.82976	8.300000000000002	0.003088677767777933
4.82976	8.500000000000002	0.002784724647857857
4.82976	8.700000000000001	0.002511444335354182
4.82976	8.9	0.0022657262201734893
4.82976	9.100000000000003	0.002045005621048587
4.82976	9.300000000000002	0.001847207069313825
4.82976	9.500000000000002	0.0016707402670225978
4.82976	9.700000000000001	0.0015144854140239153
4.82976	9.9	0.001377796385449347
4.82976	10.100000000000003	0.00126050073171302
5.56704	-10.1	-0.001184884511322768
5.56704	-9.9	-0.001288296031731402
5.56704	-9.7	-0.001411350746744027
5.56704	-9.5	-0.001553909815324499
5.56704	-9.299999999999999	-0.0017163247812490884
5.56704	-9.1	-0.001899428220943313
5.56704	-8.899999999999999	-0.002104557368440539
5.56704	-8.7	-0.0023335169717364095
5.56704	-8.5	-0.002588651173854648
5.56704	-8.299999999999999	-0.002872861610671605
5.56704	-8.1	-0.0031896141603247317
5.56704	-7.8999999999999995	-0.0035431546561291195
5.56704	-7.699999999999999	-0.003938348364762369
5.56704	-7.5	-0.004381118570423697
5.56704	-7.299999999999999	-0.00487845648234393
5.56704	-7.1	-0.005438624600541944
5.56704	-6.8999999999999995	-0.006072081075351774
5.56704	-6.699999999999999	-0.006790910425435495
5.56704	-6.5	-0.0076108516712617555
5.56704	-6.299999999999999	-0.008551020590172891
5.56704	-6.1	-0.00963523274147611
5.56704	-5.8999999999999995	-0.010895391859713194
5.56704	-5.699999999999999	-0.012369374100269344
5.56704	-5.499999999999999	-0.014110152640254368
5.56704	-5.299999999999999	-0.016183108534068485
5.56704	-5.1	-0.018674259717588727
5.56704	-4.8999999999999995	-0.02170210101742022
5.56704	-4.699999999999999	-0.025411215153610348
5.56704	-4.499999999999999	-0.030011381707094
5.56704	-4.299999999999999	-0.035760742021432236
5.56704	-4.1	-0.043011888324729804
5.56704	-3.8999999999999995	-0.05223317285436566
5.56704	-3.6999999999999993	-0.0640195750499994
5.56704	-3.499999999999999	-0.07916366299649058
5.56704	-3.299999999999999	-0.09864423579004007
5.56704	-3.0999999999999996	-0.12370014057667077
5.56704	-2.8999999999999995	-0.1557512400834109
5.56704	-2.6999999999999993	-0.19654114328952826
5.56704	-2.499999999999999	-0.24764397979856928
5.56704	-2.299999999999999	-0.31090042845012233
5.56704	-2.0999999999999996	-0.38754689883178556
5.56704	-1.8999999999999986	-0.4777585461348937
5.56704	-1.6999999999999993	-0.5807528682848374
5.56704	-1.5	-0.6912682368166525
5.56704	-1.299999999999999	-0.8008165502684584
5.56704	-1.0999999999999996	-0.8915208921039854
5.56704	-0.8999999999999986	-0.9392240068215756
5.56704	-0.6999999999999993	-0.9083649300105544
5.56704	-0.4999999999999982	-0.7737803820100473
5.56704	-0.29999999999999893	-0.5248180118282866
5.56704	-0.09999999999999964	-0.18413917834519652
5.56704	0.10000000000000142	0.18860064068728244
5.56704	0.3000000000000007	0.5267867341680229
5.56704	0.5000000000000018	0.7720982661078528
5.56704	0.7000000000000011	0.9073117929273643
5.56704	0.9000000000000004	0.9358222904342782
5.56704	1.1000000000000014	0.890548570860795
5.56704	1.3000000000000007	0.8002444538215265
5.56704	1.5000000000000018	0.6917030250596282
5.56704	1.700000000000001	0.5808458263385784
5.56704	1.9000000000000004	0.4782520814736988
5.56704	2.1000000000000014	0.38775400235221075
5.56704	2.3000000000000007	0.3110574421064071
5.56704	2.5000000000000018	0.2477721583440882
5.56704	2.700000000000001	0.19654481712494154
5.56704	2.9000000000000004	0.15580094034905265
5.56704	3.1000000000000014	0.1237093736145181
5.56704	3.3000000000000007	0.09865311498681342
5.56704	3.5000000000000018	0.07915988700679229
5.56704	3.700000000000001	0.06401943626305867
5.56704	3.9000000000000004	0.0522235339053533
5.56704	4.100000000000001	0.04300661241290191
5.56704	4.300000000000001	0.03575431982465868
5.56704	4.500000000000002	0.030004923215895478
5.56704	4.700000000000001	0.02541024898963624
5.56704	4.9	0.021697493443331783
5.56704	5.100000000000001	0.0186728515697097
5.56704	5.300000000000001	0.016180914954815037
5.56704	5.500000000000002	0.01410855487382743
5.56704	5.700000000000001	0.012368945474941991
5.56704	5.9	0.010894295092738485
5.56704	6.1	0.009634971698635033
5.56704	6.3000000000000025	0.00855048559442397
5.56704	6.500000000000002	0.00761051168152362
5.56704	6.700000000000001	0.006790775674047605
5.56704	6.9	0.006071831569655907
5.56704	7.1	0.005438578305757093
5.56704	7.3000000000000025	0.004878324724077826
5.56704	7.500000000000002	0.0043810438536868905
5.56704	7.700000000000001	0.003938308084400955
5.56704	7.9	0.0035430991496689986
5.56704	8.1	0.003189607837397655
5.56704	8.300000000000002	0.002872834893888888
5.56704	8.500000000000002	0.0025886390609187165
5.56704	8.700000000000001	0.002333508479317691
5.56704	8.9	0.0021045483001201288
5.56704	9.100000000000003	0.0018994284195475
5.56704	9.300000000000002	0.0017163237628076236
5.56704	9.500000000000002	0.0015539093188969763
5.56704	9.700000000000001	0.0014113461572532826
5.56704	9.9	0.0012882845493451627
5.56704	10.100000000000003	0.0011848639686721295
6.230592000000001	-10.1	-0.001136674399454669
6.230592000000001	-9.9	-0.0012289864098384254
6.230592000000001	-9.7	-0.0013413216188229724
6.230592000000001	-9.5	-0.0014732875810783632
6.230592000000001	-9.299999999999999	-0.001624995932904943
6.230592000000001	-9.1	-0.0017970525466383034
6.230592000000001	-8.899999999999999	-0.0019905821494790674
6.230592000000001	-8.7	-0.0022071908957141243
6.230592000000001	-8.5	-0.00244903823477723
6.230592000000001	-8.299999999999999	-0.0027188561998573043
6.230592000000001	-8.1	-0.003019961446846588
6.230592000000001	-7.8999999999999995	-0.0033564791631966635
6.230592000000001	-7.699999999999999	-0.0037331800089753907
6.230592000000001	-7.5	-0.004155929359405448
6.230592000000001	-7.299999999999999	-0.004631700581180136
6.230592000000001	-7.1	-0.005168778203581567
6.230592000000001	-6.8999999999999995	-0.005777747573478437
6.230592000000001	-6.699999999999999	-0.006470877553300107
6.230592000000001	-6.5	-0.0072642999986329716
6.230592000000001	-6.299999999999999	-0.008177713275298886
6.230592000000001	-6.1	-0.009235797136386312
6.230592000000001	-5.8999999999999995	-0.010471922759170357
6.230592000000001	-5.699999999999999	-0.011925805399402589
6.230592000000001	-5.499999999999999	-0.013653532574237542
6.230592000000001	-5.299999999999999	-0.015724600101866243
6.230592000000001	-5.1	-0.018230949113518233
6.230592000000001	-4.8999999999999995	-0.0213002284692223
6.230592000000001	-4.699999999999999	-0.025088500668641885
6.230592000000001	-4.499999999999999	-0.029824197519099
6.230592000000001	-4.299999999999999	-0.035789096465933076
6.230592000000001	-4.1	-0.043370203502967226
6.230592000000001	-3.8999999999999995	-0.05308436789532978
6.230592000000001	-3.6999999999999993	-0.06558988978990235
6.230592000000001	-3.499999999999999	-0.08176914399277302
6.230592000000001	-3.299999999999999	-0.10271444003978404
6.230592000000001	-3.0999999999999996	-0.12981491618213817
6.230592000000001	-2.8999999999999995	-0.16466777948799483
6.230592000000001	-2.6999999999999993	-0.20923832330082087
6.230592000000001	-2.499999999999999	-0.2653104903128355
6.230592000000001	-2.299999999999999	-0.33496955728911615
6.230592000000001	-2.0999999999999996	-0.4196366106404376
6.230592000000001	-1.8999999999999986	-0.5195580905342758
6.230592000000001	-1.6999999999999993	-0.6339397828034316
6.230592000000001	-1.5	-0.7570010133767429
6.230592000000001	-1.299999999999999	-0.8794249295879055
6.230592000000001	-1.0999999999999996	-0.9813837605422415
6.230592000000001	-0.8999999999999986	-1.036032876917627
6.230592000000001	-0.6999999999999993	-1.0036450740890883
6.230592000000001	-0.4999999999999982	-0.8560358265419487
6.230592000000001	-0.29999999999999893	-0.5810941416671458
6.230592000000001	-0.09999999999999964	-0.2039468885630541
6.230592000000001	0.10000000000000142	0.20893269778897203
6.230592000000001	0.3000000000000007	0.5832942440671178
6.230592000000001	0.5000000000000018	0.8541409029008368
6.230592000000001	0.7000000000000011	1.0024670635577102
6.230592000000001	0.9000000000000004	1.0322278093703503
6.230592000000001	1.1000000000000014	0.9803084992549159
6.230592000000001	1.3000000000000007	0.8787922650634422
6.230592000000001	1.5000000000000018	0.7574969223887505
6.230592000000001	1.700000000000001	0.6340435717375058
6.230592000000001	1.9000000000000004	0.5201091294971545
6.230592000000001	2.1000000000000014	0.41986617388141856
6.230592000000001	2.3000000000000007	0.3351435985789706
6.230592000000001	2.5000000000000018	0.26545261682805865
6.230592000000001	2.700000000000001	0.20924242078088484
6.230592000000001	2.9000000000000004	0.16472321093647818
6.230592000000001	3.1000000000000014	0.129825139077213
6.230592000000001	3.3000000000000007	0.10272427115782086
6.230592000000001	3.5000000000000018	0.0817645045013978
6.230592000000001	3.700000000000001	0.06558971924196007
6.230592000000001	3.9000000000000004	0.05307320280015517
6.230592000000001	4.100000000000001	0.043364180360431735
6.230592000000001	4.300000000000001	0.03578176473118741
6.230592000000001	4.500000000000002	0.029816891289601456
6.230592000000001	4.700000000000001	0.02508740773033763
6.230592000000001	4.9	0.021295054899412882
6.230592000000001	5.100000000000001	0.018229379003917016
6.230592000000001	5.300000000000001	0.015722154198688717
6.230592000000001	5.500000000000002	0.013651763819642004
6.230592000000001	5.700000000000001	0.011925330944170545
6.230592000000001	5.9	0.01047071761972999
6.230592000000001	6.1	0.009235512383153146
6.230592000000001	6.3000000000000025	0.008177129635165117
6.230592000000001	6.500000000000002	0.007263931730924484
6.230592000000001	6.700000000000001	0.006470731637307671
6.230592000000001	6.9	0.005777479349988282
6.230592000000001	7.1	0.005168728883730169
6.230592000000001	7.3000000000000025	0.004631560174896826
6.230592000000001	7.500000000000002	0.0041558509439197705
6.230592000000001	7.700000000000001	0.0037331377273208755
6.230592000000001	7.9	0.003356422004545856
6.230592000000001	8.1	0.003019954928142879
6.230592000000001	8.300000000000002	0.0027188283065152988
6.230592000000001	8.500000000000002	0.002449025112318547
6.230592000000001	8.700000000000001	0.00220718169581435
6.230592000000001	8.9	0.0019905730389953823
6.230592000000001	9.100000000000003	0.0017970528485290627
6.230592000000001	9.300000000000002	0.0016249943157973833
6.230592000000001	9.500000000000002	0.001473285308988284
6.230592000000001	9.700000000000001	0.0013413135655800065
6.230592000000001	9.9	0.001228969960153283
6.230592000000001	10.100000000000003	0.001136648504391333
6.894144000000001	-10.1	-0.0011030120675679064
6.894144000000001	-9.9	-0.0011852728018835884
6.894144000000001	-9.7	-0.0012880537394867264
6.894144000000001	-9.5	-0.0014107309059703057
6.894144000000001	-9.299999999999999	-0.001553197822369434
6.894144000000001	-9.1	-0.0017158548161829235
6.894144000000001	-8.899999999999999	-0.001899634988622163
6.894144000000001	-8.7	-0.002105967770069519
6.894144000000001	-8.5	-0.002336848538777405
6.894144000000001	-8.299999999999999	-0.002594859779811527
6.894144000000001	-8.1	-0.0028831865413267016
6.894144000000001	-7.8999999999999995	-0.0032058517791988144
6.894144000000001	-7.699999999999999	-0.0035675510578351086
6.894144000000001	-7.5	-0.003974114796649411
6.894144000000001	-7.299999999999999	-0.004432524644904181
6.894144000000001	-7.1	-0.004951115815523903
6.894144000000001	-6.8999999999999995	-0.0055406299752647934
6.894144000000001	-6.699999999999999	-0.006213550387954742
6.894144000000001	-6.5	-0.006986429401847963
6.894144000000001	-6.299999999999999	-0.007879573756079969
6.894144000000001	-6.1	-0.008918548932364094
6.894144000000001	-5.8999999999999995	-0.010138208674599403
6.894144000000001	-5.699999999999999	-0.011580115832112488
6.894144000000001	-5.499999999999999	-0.013303470273005236
6.894144000000001	-5.299999999999999	-0.01538187060946325
6.894144000000001	-5.1	-0.017913156049565507
6.894144000000001	-4.8999999999999995	-0.021034097856086963
6.894144000000001	-4.699999999999999	-0.024912193894227976
6.894144000000001	-4.499999999999999	-0.029794493667374473
6.894144000000001	-4.299999999999999	-0.03598637647526271
6.894144000000001	-4.1	-0.04390925361047631
6.894144000000001	-3.8999999999999995	-0.05412851101731608
6.894144000000001	-3.6999999999999993	-0.06736582472272395
6.894144000000001	-3.499999999999999	-0.08459357206495849
6.894144000000001	-3.299999999999999	-0.1070178256761778
6.894144000000001	-3.0999999999999996	-0.13617857750827747
6.894144000000001	-2.8999999999999995	-0.1738511190115874
6.894144000000001	-2.6999999999999993	-0.22222357434056508
6.894144000000001	-2.499999999999999	-0.28329062111908976
6.894144000000001	-2.299999999999999	-0.35938315871488513
6.894144000000001	-2.0999999999999996	-0.45210716780580756
6.894144000000001	-1.8999999999999986	-0.5617797506752624
6.894144000000001	-1.6999999999999993	-0.6875933134985818
6.894144000000001	-1.5	-0.8232445217907185
6.894144000000001	-1.299999999999999	-0.9585828615180857
6.894144000000001	-1.0999999999999996	-1.0718211574397702
6.894144000000001	-0.8999999999999986	-1.1334166487062458
6.894144000000001	-0.6999999999999993	-1.0994599177310134
6.894144000000001	-0.4999999999999982	-0.9387342079303574
6.894144000000001	-0.29999999999999893	-0.6376654612270202
6.894144000000001	-0.09999999999999964	-0.2238574762836497
6.894144000000001	0.10000000000000142	0.22936975194924986
6.894144000000001	0.3000000000000007	0.6400978789899552
6.894144000000001	0.5000000000000018	0.9366256492784275
6.894144000000001	0.7000000000000011	1.0981565492712537
6.894144000000001	0.9000000000000004	1.1292066650886747
6.894144000000001	1.1000000000000014	1.0706425669018143
6.894144000000001	1.3000000000000007	0.9578893999155185
6.894144000000001	1.5000000000000018	0.823801708083537
6.894144000000001	1.700000000000001	0.687707957159468
6.894144000000001	1.9000000000000004	0.5623884198773489
6.894144000000001	2.1000000000000014	0.4523592653290339
6.894144000000001	2.3000000000000007	0.35957428416671994
6.894144000000001	2.5000000000000018	0.2834467968889801
6.894144000000001	2.700000000000001	0.22222810074843127
6.894144000000001	2.9000000000000004	0.17391235311180225
6.894144000000001	3.1000000000000014	0.1361898013936814
6.894144000000001	3.3000000000000007	0.10702861941703377
6.894144000000001	3.5000000000000018	0.0845880506907899
6.894144000000001	3.700000000000001	0.0673656217337255
6.894144000000001	3.9000000000000004	0.05411580561661009
6.894144000000001	4.100000000000001	0.04390247985767499
6.894144000000001	4.300000000000001	0.03597813109481162
6.894144000000001	4.500000000000002	0.029786335930291362
6.894144000000001	4.700000000000001	0.024910973612983105
6.894144000000001	4.9	0.021028355676196635
6.894144000000001	5.100000000000001	0.0179114233954752
6.894144000000001	5.300000000000001	0.015379171498307644
6.894144000000001	5.500000000000002	0.01330153050178919
6.894144000000001	5.700000000000001	0.011579595552045291
6.894144000000001	5.9	0.010136895621799666
6.894144000000001	6.1	0.008918240664089505
6.894144000000001	6.3000000000000025	0.007878941911998893
6.894144000000001	6.500000000000002	0.006986033272269574
6.894144000000001	6.700000000000001	0.006213393486837931
6.894144000000001	6.9	0.0055403434380237255
6.894144000000001	7.1	0.004951063563039295
6.894144000000001	7.3000000000000025	0.004432375898625241
6.894144000000001	7.500000000000002	0.003974032876643096
6.894144000000001	7.700000000000001	0.0035675069034048303
6.894144000000001	7.9	0.0032057927698635135
6.894144000000001	8.1	0.0028831797420423837
6.894144000000001	8.300000000000002	0.0025948302499422004
6.894144000000001	8.500000000000002	0.0023368343874152165
6.894144000000001	8.700000000000001	0.0021059578789712503
6.894144000000001	8.9	0.001899626015946214
6.894144000000001	9.100000000000003	0.0017158550398496443
6.894144000000001	9.300000000000002	0.0015531950797550817
6.894144000000001	9.500000000000002	0.0014107262119337342
6.894144000000001	9.700000000000001	0.0012880416332360014
6.894144000000001	9.9	0.0011852512466594331
6.894144000000001	10.100000000000003	0.0011029816613487313
7.557696000000001	-10.1	-0.0010801196213182265
7.557696000000001	-9.9	-0.0011531235138235194
7.557696000000001	-9.7	-0.0012472303020648352
7.557696000000001	-9.5	-0.0013616032957093308
7.557696000000001	-9.299999999999999	-0.0014959361988904297
7.557696000000001	-9.1	-0.001650441209599546
7.557696000000001	-8.899999999999999	-0.0018258768268926723
7.557696000000001	-8.7	-0.002023513010512587
7.557696000000001	-8.5	-0.0022451977208586245
7.557696000000001	-8.299999999999999	-0.002493380346552509
7.557696000000001	-8.1	-0.002771128543976891
7.557696000000001	-7.8999999999999995	-0.00308237757276651
7.557696000000001	-7.699999999999999	-0.003431762302582516
7.557696000000001	-7.5	-0.00382509539646631
7.557696000000001	-7.299999999999999	-0.004269386442845143
7.557696000000001	-7.1	-0.004773043527436133
7.557696000000001	-6.8999999999999995	-0.005346987728933172
7.557696000000001	-6.699999999999999	-0.0060039409625865445
7.557696000000001	-6.5	-0.00676089913701385
7.557696000000001	-6.299999999999999	-0.0076387996224995805
7.557696000000001	-6.1	-0.008664113434647883
7.557696000000001	-5.8999999999999995	-0.009873193577227242
7.557696000000001	-5.699999999999999	-0.011309463227473431
7.557696000000001	-5.499999999999999	-0.013035243134072972
7.557696000000001	-5.299999999999999	-0.01512823861790633
7.557696000000001	-5.1	-0.017692186207515656
7.557696000000001	-4.8999999999999995	-0.02087298309741532
7.557696000000001	-4.699999999999999	-0.024849563464956665
7.557696000000001	-4.499999999999999	-0.02988762282567744
7.557696000000001	-4.299999999999999	-0.0363161853051479
7.557696000000001	-4.1	-0.04459115979564125
7.557696000000001	-3.8999999999999995	-0.05532663363047225
7.557696000000001	-3.6999999999999993	-0.06930787138603453
7.557696000000001	-3.499999999999999	-0.08759763489906235
7.557696000000001	-3.299999999999999	-0.11151623428173718
7.557696000000001	-3.0999999999999996	-0.1427553178129524
7.557696000000001	-2.8999999999999995	-0.1832692651885111
7.557696000000001	-2.6999999999999993	-0.2354704688236041
7.557696000000001	-2.499999999999999	-0.30156557369257136
7.557696000000001	-2.299999999999999	-0.38413251271914495
7.557696000000001	-2.0999999999999996	-0.48496278441327473
7.557696000000001	-1.8999999999999986	-0.6044438287310191
7.557696000000001	-1.6999999999999993	-0.7417532800299416
7.557696000000001	-1.5	-0.8900609323552585
7.557696000000001	-1.299999999999999	-1.0383764817259156
7.557696000000001	-1.0999999999999996	-1.1629416167696451
7.557696000000001	-0.8999999999999986	-1.231500139252792
7.557696000000001	-0.6999999999999993	-1.195937645166478
7.557696000000001	-0.4999999999999982	-1.0219892036724052
7.557696000000001	-0.29999999999999893	-0.6946109671583919
7.557696000000001	-0.09999999999999964	-0.24389890816149032
7.557696000000001	0.10000000000000142	0.24994058988995754
7.557696000000001	0.3000000000000007	0.6972769974604138
7.557696000000001	0.5000000000000018	1.019665870573436
7.557696000000001	0.7000000000000011	1.1945082355129586
7.557696000000001	0.9000000000000004	1.2268830325615998
7.557696000000001	1.1000000000000014	1.161659117215491
7.557696000000001	1.3000000000000007	1.0376218819231717
7.557696000000001	1.5000000000000018	0.8906796517488633
7.557696000000001	1.700000000000001	0.7418788244729961
7.557696000000001	1.9000000000000004	0.6051103727020788
7.557696000000001	2.1000000000000014	0.4852375347159402
7.557696000000001	2.3000000000000007	0.384340812170453
7.557696000000001	2.5000000000000018	0.3017359152675491
7.557696000000001	2.700000000000001	0.23547542935126073
7.557696000000001	2.9000000000000004	0.18333637217395718
7.557696000000001	3.1000000000000014	0.14276755296475455
7.557696000000001	3.3000000000000007	0.11152800052469243
7.557696000000001	3.5000000000000018	0.08759121443927093
7.557696000000001	3.700000000000001	0.069307635321641
7.557696000000001	3.9000000000000004	0.055312373915216095
7.557696000000001	4.100000000000001	0.04458363138986574
7.557696000000001	4.300000000000001	0.03630702136048097
7.557696000000001	4.500000000000002	0.029878608690786762
7.557696000000001	4.700000000000001	0.02484821510200226
7.557696000000001	4.9	0.02086666881735979
7.557696000000001	5.100000000000001	0.017690290111666188
7.557696000000001	5.300000000000001	0.015125284922273743
7.557696000000001	5.500000000000002	0.01303313183944505
7.557696000000001	5.700000000000001	0.01130889699263635
7.557696000000001	5.9	0.009871772634326228
7.557696000000001	6.1	0.008663781729383417
7.557696000000001	6.3000000000000025	0.007638119772397518
7.557696000000001	6.500000000000002	0.006760475393672824
7.557696000000001	6.700000000000001	0.006003773180515015
7.557696000000001	6.9	0.005346683150865073
7.557696000000001	7.1	0.0047729884067180695
7.557696000000001	7.3000000000000025	0.00426922959113833
7.557696000000001	7.500000000000002	0.0038250100751094046
7.557696000000001	7.700000000000001	0.0034317163525305417
7.557696000000001	7.9	0.003082316443020415
7.557696000000001	8.1	0.0027711213927216474
7.557696000000001	8.300000000000002	0.002493348849199488
7.557696000000001	8.500000000000002	0.002245182600174402
7.557696000000001	8.700000000000001	0.0020235024901199133
7.557696000000001	8.9	0.0018258680149378613
7.557696000000001	9.100000000000003	0.001650441109548141
7.557696000000001	9.300000000000002	0.0014959317908716848
7.557696000000001	9.500000000000002	0.0013615956255654447
7.557696000000001	9.700000000000001	0.001247213768480125
7.557696000000001	9.9	0.0011530970364556998
7.557696000000001	10.100000000000003	0.001080085908321413
8.221248000000001	-10.1	-0.0010649726622933345
8.221248000000001	-9.9	-0.001129304747455189
8.221248000000001	-9.7	-0.0012153815888355755
8.221248000000001	-9.5	-0.0013221695623340706
8.221248000000001	-9.299999999999999	-0.0014491777003809642
8.221248000000001	-9.1	-0.0015964441940973296
8.221248000000001	-8.899999999999999	-0.0017645666412883737
8.221248000000001	-8.7	-0.001954668941575816
8.221248000000001	-8.5	-0.0021684649995349736
8.221248000000001	-8.299999999999999	-0.0024082845864824383
8.221248000000001	-8.1	-0.0026770894761232815
8.221248000000001	-7.8999999999999995	-0.0029787386741510426
8.221248000000001	-7.699999999999999	-0.0033178166716319036
8.221248000000001	-7.5	-0.003700130884245079
8.221248000000001	-7.299999999999999	-0.004132733147507948
8.221248000000001	-7.1	-0.00462412124399777
8.221248000000001	-6.8999999999999995	-0.005185413771691977
8.221248000000001	-6.699999999999999	-0.00582959080394015
8.221248000000001	-6.5	-0.006574111202102182
8.221248000000001	-6.299999999999999	-0.007440562488908996
8.221248000000001	-6.1	-0.008456339830654898
8.221248000000001	-5.8999999999999995	-0.009659313727971193
8.221248000000001	-5.699999999999999	-0.01109478421106215
8.221248000000001	-5.499999999999999	-0.012828210315576957
8.221248000000001	-5.299999999999999	-0.014941421243997643
8.221248000000001	-5.1	-0.017544070098317027
8.221248000000001	-4.8999999999999995	-0.020791212426368312
8.221248000000001	-4.699999999999999	-0.024873256512837786
8.221248000000001	-4.499999999999999	-0.030074624085564317
8.221248000000001	-4.299999999999999	-0.03674809073383206
8.221248000000001	-4.1	-0.04538423998232406
8.221248000000001	-3.8999999999999995	-0.056646132351140535
8.221248000000001	-3.6999999999999993	-0.07138297107089321
8.221248000000001	-3.499999999999999	-0.09074845013527463
8.221248000000001	-3.299999999999999	-0.11617779249637501
8.221248000000001	-3.0999999999999996	-0.14951532575294937
8.221248000000001	-2.8999999999999995	-0.19289576499327404
8.221248000000001	-2.6999999999999993	-0.24895747644998503
8.221248000000001	-2.499999999999999	-0.3201205866813904
8.221248000000001	-2.299999999999999	-0.4092118175751952
8.221248000000001	-2.0999999999999996	-0.5182091639689382
8.221248000000001	-1.8999999999999986	-0.6475703330323518
8.221248000000001	-1.6999999999999993	-0.7964570303159789
8.221248000000001	-1.5	-0.9575074299570661
8.221248000000001	-1.299999999999999	-1.1188842515592918
8.221248000000001	-1.0999999999999996	-1.2548434951611853
8.221248000000001	-0.8999999999999986	-1.3303961865078247
8.221248000000001	-0.6999999999999993	-1.2931940261595765
8.221248000000001	-0.4999999999999982	-1.1059034725531955
8.221248000000001	-0.29999999999999893	-0.7520020087506273
8.221248000000001	-0.09999999999999964	-0.26409644391453346
8.221248000000001	0.10000000000000142	0.27067121699047186
8.221248000000001	0.3000000000000007	0.7549032778079706
8.221248000000001	0.5000000000000018	1.1033639336559873
8.221248000000001	0.7000000000000011	1.2916377114460198
8.221248000000001	0.9000000000000004	1.3253691663839946
8.221248000000001	1.1000000000000014	1.253456341483954
8.221248000000001	1.3000000000000007	1.1180680751503265
8.221248000000001	1.5000000000000018	0.9581880317375416
8.221248000000001	1.700000000000001	0.7965935411221049
8.221248000000001	1.9000000000000004	0.6482950999683641
8.221248000000001	2.1000000000000014	0.5185067234786436
8.221248000000001	2.3000000000000007	0.4094374096199462
8.221248000000001	2.5000000000000018	0.32030522417608914
8.221248000000001	2.700000000000001	0.24896287625841396
8.221248000000001	2.9000000000000004	0.19296881467708554
8.221248000000001	3.1000000000000014	0.14952858208733644
8.221248000000001	3.3000000000000007	0.11619054077598077
8.221248000000001	3.5000000000000018	0.09074111459429653
8.221248000000001	3.700000000000001	0.07138270134244977
8.221248000000001	3.9000000000000004	0.05663030423103934
8.221248000000001	4.100000000000001	0.04537595212814626
8.221248000000001	4.300000000000001	0.03673800238770664
8.221248000000001	4.500000000000002	0.030064747497325715
8.221248000000001	4.700000000000001	0.02487177915394413
8.221248000000001	4.9	0.020784321718019663
8.221248000000001	5.100000000000001	0.017542009392394205
8.221248000000001	5.300000000000001	0.014938211162045377
8.221248000000001	5.500000000000002	0.012825926605808237
8.221248000000001	5.700000000000001	0.01109417178273246
8.221248000000001	5.9	0.009657784574988835
8.221248000000001	6.1	0.008455984673585507
8.221248000000001	6.3000000000000025	0.007439834637175102
8.221248000000001	6.500000000000002	0.006573659955879472
8.221248000000001	6.700000000000001	0.005829412183767977
8.221248000000001	6.9	0.005185091317316562
8.221248000000001	7.1	0.0046240632950937804
8.221248000000001	7.3000000000000025	0.004132568356727821
8.221248000000001	7.500000000000002	0.0037000421808923256
8.221248000000001	7.700000000000001	0.003317768954444766
8.221248000000001	7.9	0.0029786751045144015
8.221248000000001	8.1	0.0026770819173977645
8.221248000000001	8.300000000000002	0.0024082509104553645
8.221248000000001	8.500000000000002	0.0021684490290400783
8.221248000000001	8.700000000000001	0.00195465788074019
8.221248000000001	8.9	0.0017645578832388574
8.221248000000001	9.100000000000003	0.0015964434722208684
8.221248000000001	9.300000000000002	0.0014491710873532511
8.221248000000001	9.500000000000002	0.0013221584627904433
8.221248000000001	9.700000000000001	0.001215360468057821
8.221248000000001	9.9	0.001129273840827091
8.221248000000001	10.100000000000003	0.0010649371869162875
9.121248000000001	-10.1	-0.0010495846560265448
9.121248000000001	-9.9	-0.001102629523693081
9.121248000000001	-9.7	-0.0011783242029019055
9.121248000000001	-9.5	-0.0012753862334197827
9.121248000000001	-9.299999999999999	-0.001393091393142655
9.121248000000001	-9.1	-0.0015312574071750706
9.121248000000001	-8.899999999999999	-0.0016902786584778815
9.121248000000001	-8.7	-0.0018710945875271843
9.121248000000001	-8.5	-0.002075252222371942
9.121248000000001	-8.299999999999999	-0.002304935077926693
9.121248000000001	-8.1	-0.0025629750463374784
9.121248000000001	-7.8999999999999995	-0.0028531406012285683
9.121248000000001	-7.699999999999999	-0.0031799569073396265
9.121248000000001	-7.5	-0.0035492354124840426
9.121248000000001	-7.299999999999999	-0.003968097789591026
9.121248000000001	-7.1	-0.004445180182827901
9.121248000000001	-6.8999999999999995	-0.004991888794868345
9.121248000000001	-6.699999999999999	-0.00562157667839321
9.121248000000001	-6.5	-0.006352355558102087
9.121248000000001	-6.299999999999999	-0.007206722010233723
9.121248000000001	-6.1	-0.0082133535229238
9.121248000000001	-5.8999999999999995	-0.009412211733503626
9.121248000000001	-5.699999999999999	-0.010851176468557804
9.121248000000001	-5.499999999999999	-0.012600006729568602
9.121248000000001	-5.299999999999999	-0.014746175019312675
9.121248000000001	-5.1	-0.017407422072247835
9.121248000000001	-4.8999999999999995	-0.02075132520796271
9.121248000000001	-4.699999999999999	-0.024983974523066943
9.121248000000001	-4.499999999999999	-0.030415412339092153
9.121248000000001	-4.299999999999999	-0.03743091571113989
9.121248000000001	-4.1	-0.04656855366443596
9.121248000000001	-3.8999999999999995	-0.05855847988535058
9.121248000000001	-3.6999999999999993	-0.07433750131022585
9.121248000000001	-3.499999999999999	-0.0951839338644461
9.121248000000001	-3.299999999999999	-0.1226904625394293
9.121248000000001	-3.0999999999999996	-0.1589107290627737
9.121248000000001	-2.8999999999999995	-0.20622670655275324
9.121248000000001	-2.6999999999999993	-0.26758672937007383
9.121248000000001	-2.499999999999999	-0.3457036700268145
9.121248000000001	-2.299999999999999	-0.4437454195889921
9.121248000000001	-2.0999999999999996	-0.5639454146129201
9.121248000000001	-1.8999999999999986	-0.706857209817091
9.121248000000001	-1.6999999999999993	-0.8716196593390901
9.121248000000001	-1.5	-1.0501409439766365
9.121248000000001	-1.299999999999999	-1.229420908030585
9.121248000000001	-1.0999999999999996	-1.380991939119056
9.121248000000001	-0.8999999999999986	-1.4661174391566374
9.121248000000001	-0.6999999999999993	-1.4266446589911113
9.121248000000001	-0.4999999999999982	-1.2210338073069076
9.121248000000001	-0.29999999999999893	-0.8307369154747912
9.121248000000001	-0.09999999999999964	-0.29180477558067597
9.121248000000001	0.10000000000000142	0.29911040183571236
9.121248000000001	0.3000000000000007	0.8339606902207788
9.121248000000001	0.5000000000000018	1.2181979678736161
9.121248000000001	0.7000000000000011	1.4249143746854729
9.121248000000001	0.9000000000000004	1.4605284834193466
9.121248000000001	1.1000000000000014	1.3794612394598147
9.121248000000001	1.3000000000000007	1.2285202717440546
9.121248000000001	1.5000000000000018	1.0509062833129106
9.121248000000001	1.700000000000001	0.8717711978580525
9.121248000000001	1.9000000000000004	0.7076617623696402
9.121248000000001	2.1000000000000014	0.5642742545746282
9.121248000000001	2.3000000000000007	0.4439947266243194
9.121248000000001	2.5000000000000018	0.34590794062259067
9.121248000000001	2.700000000000001	0.2675927333890178
9.121248000000001	2.9000000000000004	0.20630793013473298
9.121248000000001	3.1000000000000014	0.1589253870598744
9.121248000000001	3.3000000000000007	0.12270455875246802
9.121248000000001	3.5000000000000018	0.09517533489479144
9.121248000000001	3.700000000000001	0.07433718510101428
9.121248000000001	3.9000000000000004	0.058540500452945954
9.121248000000001	4.100000000000001	0.04655922519886574
9.121248000000001	4.300000000000001	0.037419560726475905
9.121248000000001	4.500000000000002	0.030404352052871994
9.121248000000001	4.700000000000001	0.02498232010933549
9.121248000000001	4.9	0.020743642967134556
9.121248000000001	5.100000000000001	0.01740513554868885
9.121248000000001	5.300000000000001	0.014742613236275043
9.121248000000001	5.500000000000002	0.012597487078970154
9.121248000000001	5.700000000000001	0.01085050081499895
9.121248000000001	5.9	0.00941053483068973
9.121248000000001	6.1	0.008212966412309536
9.121248000000001	6.3000000000000025	0.007205928800226613
9.121248000000001	6.500000000000002	0.0063518669807844565
9.121248000000001	6.700000000000001	0.0056213833329318
9.121248000000001	6.9	0.004991542175604035
9.121248000000001	7.1	0.004445118415155125
9.121248000000001	7.3000000000000025	0.0039679223476123664
9.121248000000001	7.500000000000002	0.003549141947257377
9.121248000000001	7.700000000000001	0.0031799067181638575
9.121248000000001	7.9	0.0028530731148292826
9.121248000000001	8.1	0.0025629668947382755
9.121248000000001	8.300000000000002	0.002304898406869105
9.121248000000001	8.500000000000002	0.0020752354133114475
9.121248000000001	8.700000000000001	0.0018710829699131412
9.121248000000001	8.9	0.0016902695015733752
9.121248000000001	9.100000000000003	0.0015312552457233974
9.121248000000001	9.300000000000002	0.001393080956621399
9.121248000000001	9.500000000000002	0.0012753700498420377
9.121248000000001	9.700000000000001	0.0011782972001949984
9.121248000000001	9.9	0.0011025942360199947
9.121248000000001	10.100000000000003	0.001049550139186767
10.	-10.1	-0.001033664696101356
10.	-9.9	-0.0010758637160760995
10.	-9.7	-0.001141584532692725
10.	-9.5	-0.0012293161957431548
10.	-9.299999999999999	-0.0013381202776433748
10.	-9.1	-0.0014676112850255255
10.	-8.899999999999999	-0.001617996943082651
10.	-8.7	-0.0017900462659368329
10.	-8.5	-0.0019851555895097615
10.	-8.299999999999999	-0.0022053796942897116
10.	-8.1	-0.002453436453647526
10.	-7.8999999999999995	-0.002733017318687073
10.	-7.699999999999999	-0.0030485951596129395
10.	-7.5	-0.003405991934045835
10.	-7.299999999999999	-0.0038124041016680686
10.	-7.1	-0.004276614038960595
10.	-6.8999999999999995	-0.00481032369168738
10.	-6.699999999999999	-0.005427269422798654
10.	-6.5	-0.00614622316198246
10.	-6.299999999999999	-0.006990595584145819
10.	-6.1	-0.007990345999670037
10.	-5.8999999999999995	-0.00918751404733921
10.	-5.699999999999999	-0.010632537475448714
10.	-5.499999999999999	-0.012399426237937878
10.	-5.299999999999999	-0.014581225316356167
10.	-5.1	-0.0173036524239037
10.	-4.8999999999999995	-0.020746644111161373
10.	-4.699999999999999	-0.025131760526604336
10.	-4.499999999999999	-0.030794364957053195
10.	-4.299999999999999	-0.03815186471136553
10.	-4.1	-0.04778933415636472
10.	-3.8999999999999995	-0.060503382594686794
10.	-3.6999999999999993	-0.0773176277600636
10.	-3.499999999999999	-0.09963390001419535
10.	-3.299999999999999	-0.12920094008531854
10.	-3.0999999999999996	-0.16827987082294052
10.	-2.8999999999999995	-0.21949776988410039
10.	-2.6999999999999993	-0.28611030161399514
10.	-2.499999999999999	-0.37112056686632294
10.	-2.299999999999999	-0.4780347050387092
10.	-2.0999999999999996	-0.6093393039324357
10.	-1.8999999999999986	-0.7656827885102016
10.	-1.6999999999999993	-0.9461809442822079
10.	-1.5	-1.1420179258755365
10.	-1.299999999999999	-1.3390399675444193
10.	-1.0999999999999996	-1.5060793300702369
10.	-0.8999999999999986	-1.6006844728060046
10.	-0.6999999999999993	-1.5589505513257411
10.	-0.4999999999999982	-1.3351699485445667
10.	-0.29999999999999893	-0.9087889659357454
10.	-0.09999999999999964	-0.3192724235505991
10.	0.10000000000000142	0.32730227382803695
10.	0.3000000000000007	0.9123323211029101
10.	0.5000000000000018	1.3320406097748825
10.	0.7000000000000011	1.5570478824418383
10.	0.9000000000000004	1.5945387011820695
10.	1.1000000000000014	1.5044062944769832
10.	1.3000000000000007	1.3380555833459604
10.	1.5000000000000018	1.142867155005501
10.	1.700000000000001	0.9463473750598966
10.	1.9000000000000004	0.7665664074938129
10.	2.1000000000000014	0.6096991592671571
10.	2.3000000000000007	0.47830752609704164
10.	2.5000000000000018	0.3713443136321871
10.	2.700000000000001	0.28611690530782313
10.	2.9000000000000004	0.219587105993882
10.	3.1000000000000014	0.1682959179854918
10.	3.3000000000000007	0.1292163722205511
10.	3.5000000000000018	0.09962404551038065
10.	3.700000000000001	0.07731726535398518
10.	3.9000000000000004	0.06048327277635823
10.	4.100000000000001	0.04777897425729498
10.	4.300000000000001	0.038139254251018544
10.	4.500000000000002	0.030782128373765837
10.	4.700000000000001	0.025129930160878458
10.	4.9	0.020738174959449872
10.	5.100000000000001	0.0173011418236717
10.	5.300000000000001	0.014577314550432428
10.	5.500000000000002	0.012396673341734972
10.	5.700000000000001	0.010631799296447881
10.	5.9	0.009185691575966878
10.	6.1	0.007989927502038191
10.	6.3000000000000025	0.006989738207907354
10.	6.500000000000002	0.006145698042730634
10.	6.700000000000001	0.0054270616402908416
10.	6.9	0.004809953500707116
10.	7.1	0.004276548535925952
10.	7.3000000000000025	0.0038122182773884968
10.	7.500000000000002	0.0034058934488581105
10.	7.700000000000001	0.003048542365530323
10.	7.9	0.0027329453174345553
10.	8.1	0.00245342773850995
10.	8.300000000000002	0.002205340348262083
10.	8.500000000000002	0.001985138368463862
10.	8.700000000000001	0.001790034269737343
10.	8.9	0.0016179866114784983
10.	9.100000000000003	0.0014676069731352727
10.	9.300000000000002	0.0013381053029737032
10.	9.500000000000002	0.0012292949428836298
10.	9.700000000000001	0.0011415528485609965
10.	9.9	0.0010758268626174996
10.	10.100000000000003	0.001033635714580588